Workbook

Sheet EFM
M1: Ra | N1: Rp | O1: vRp | P1: Rfe | Q1: NfE | R1: Rfa | S1: Ca | T1: P | V1: Mg | W1: K | X1: Na | Y1: Cl | Z1: Fe | AA1: Cu | AB1: Zn | AC1: Mn | AD1: Jod | AE1: Selen | AG1: Vit. A | AI1: b-Carotinoide | AL1: Vit. D3 | AN1: Vit. E | AO1: Vit. B1 | AP1: Vit. B2 | AQ1: Vit. B6 | AR1: Vit. B12 | AS1: Biotin | AT1: Niacin | AU1: Pantothensäure | AV1: Folsäure | AW1: Vit C | AX1: Vit K | AY1: Cholin
D2: 1 | E2: 2 | F2: 3 | G2: 4 | H2: 5 | I2: 6 | J2: 7 | K2: 8 | L2: 9 | M2: 14 | N2: 15 | O2: 16 | P2: 17 | Q2: 18 | R2: 19 | S2: 64 | T2: 65 | V2: 66 | W2: 67 | X2: 68 | Y2: 69 | Z2: 70 | AA2: 71 | AB2: 72 | AC2: 73 | AD2: 74 | AE2: 75 | AF2: 76 | AG2: 77 | AH2: 78 | AI2: 79 | AJ2: 80 | AK2: 81 | AL2: 82 | AM2: 83 | AN2: 84 | AO2: 85 | AP2: 86 | AQ2: 87 | AR2: 88 | AS2: 89 | AT2: 90 | AU2: 91 | AV2: 92 | AW2: 93 | AX2: 94 | AY2: 95 | BA2: 96 | BC2: 97 | BD2: 98 | BE2: 99 | BF2: 100 | BG2: 101 | BH2: 102 | BI2: 103 | BJ2: 104 | BK2: 105 | BL2: 106
D3: Identifier | E3: Typ | F3: Spezies | G3: Kategorie | H3: Nummer fortlaufend in Kategorie | I3: Nummer fortlaufend | J3: Kategorie-Nummer | K3: Anfangsbuchstabe | L3: Futtermittel | M3: Ra [g]/[100g] | N3: Rp [g]/[100g] | O3: Rp [g]/[100g] | P3: Rfe [g]/[100g] | Q3: NfE [g]/[100g] | R3: Rfa [g]/[100g] | S3: Ca [mg]/[100g] | T3: P [mg]/[100g] | U3: Ca/P-Verhältnis | V3: Mg [mg]/[100g] | W3: K [mg]/[100g] | X3: Na [mg]/[100g] | Y3: Cl [mg]/[100g] | Z3: Fe [mg]/[100g] | AA3: Cu [mg]/[100g] | AB3: Zn [mg]/[100g] | AC3: Mn [mg]/[100g] | AD3: Jod [µg]/[100g] | AE3: Selen [µg]/[100g] | AF3: Vit. A [µg]/[100g] | AG3: Vit. A [IE]/[100g] | AH3: Retinoläquivalent [µg]/[100g] | AI3: b-Carotinoide [µg]/[100g] | AJ3: alle Carotinoide [µg]/[100g] | AK3: Vit. D3 [IE]/[100g] | AL3: Vit. D3 [µg]/[100g] | AM3: Vit E activity [mg]/[100g] | AN3: Vit. E (a-Tocopherol) [mg]/[100g] | AO3: Vit. B1 [mg]/[100g] | AP3: Vit. B2 [mg]/[100g] | AQ3: Vit. B6 [mg]/[100g] | AR3: Vit. B12 [µg]/[100g] | AS3: Biotin [µg]/[100g] | AT3: Niacin [mg]/[100g] | AU3: Pantothensäure [mg]/[100g] | AV3: Folsäure [µg]/[100g] | AW3: Vit C [mg]/[100g] | AX3: Vit K [mg]/[100g] | AY3: Cholin [mg]/[100g] | AZ3: Taurin [mg]/[100g] | BA3: Preis (€) pro kg | BB3: Empfolene Dosierung (g pro Tag) | BC3: Name komplett | BD3: Marke | BE3: Produkt (bei Fertigfutter) | BF3: Ra [%TS] | BG3: Rp [%TS] | BI3: Rfe [%TS] | BJ3: NfE [%TS] | BK3: Rfa [%TS] | BL3: bei Fertigfutter: Zusammensetzung | BM3: Links
D4: =E4&""&F4&""&G4&""&H4 -> ErgänzungsfuttermittelKatzeVitamin-Spurenelement-Präparat | E4: Ergänzungsfuttermittel | F4: Katze | G4: Vitamin-Spurenelement-Präparat | L4: Revital Plus | M4: =BF4 -> 5.7 | N4: =BG4 -> 10.3 | P4: =BI4 -> 5.8 | R4: =BK4 -> 1.4 | S4: 1300 | T4: 1000 | U4: =IF(S4="","",S4/T4) -> 1.3 | V4: 1000 | W4: 1300 | X4: 100 | Z4: 210 | AC4: 10 | AF4: =AG4*$BO$13 -> 4500 | AG4: 15000 | AK4: 1500 | AL4: =AK4*$BO$14 -> 37.5 | AN4: 300 | AO4: 3 | AP4: 75 | AQ4: 3 | AR4: 150 | AT4: 50 | AU4: 30 | AV4: 600 | AW4: 300 | AY4: 1000 | AZ4: 160 | BA4: 96.96 | BC4: Revital Plus | BD4: Vet-Concept | BE4: Ergänzungsfuttermittel | BF4: 5.7 | BG4: 10.3 | BI4: 5.8 | BK4: 1.4 | BL4: Maltodextrin, hydrolysiertes Volleipulver, Molkepulver, Leinsamen (gemahlen), Seealgenmehl, Leinöl, Grünlippmuschel* (Perna canaliculus) (1 %), Ginseng (1 %), * getrocknet | BM4: https://www.vet-concept.at/p/fuer-den-hund-revital-plus-150g-500g?prod_number=7708&gad_source=1&gclid=CjwKCAjw5v2wBhBrEiwAXDDoJZr_GZsVM5G3yLJnLQN7A1Se8Asq66qXCdNAnqcZ2sCvQPCUq3KvFRoCs30QAvD_BwE
D5: =E5&""&F5&""&G5&""&H5 -> ErgänzungsfuttermittelKatzeVitamin-Spurenelement-Präparat | E5: Ergänzungsfuttermittel | F5: Katze | G5: Vitamin-Spurenelement-Präparat | L5: Catfortan | M5: =BF5 -> 19.5 | N5: =BG5 -> 34.4 | P5: =BI5 -> 4.5 | R5: =BK5 -> 1.7 | S5: 4490 | T5: 2200 | U5: =IF(S5="","",S5/T5) -> 2.0409091 | V5: 250 | W5: 2000 | Z5: 370 | AA5: 7.5 | AB5: 30 | AC5: 25 | AD5: 1200 | AE5: 50 | AF5: =AG5*$BO$13 -> 6000 | AG5: 20000 | AK5: 1000 | AL5: =AK5*$BO$14 -> 25 | AN5: 150 | AO5: 40 | AP5: 26 | AQ5: 16 | AR5: 100 | AS5: 600 | AT5: 190 | AU5: 50 | AV5: 4000 | AY5: 300 | AZ5: 1000 | BA5: 49.5 | BB5: 1 | BC5: Catfortan | BD5: Fortan | BE5: Ergänzungsfuttermittel | BF5: 19.5 | BG5: 34.4 | BI5: 4.5 | BK5: 1.7 | BL5: Hefen, Mineralstoffe, Milch/Molkereierzeugnisse,pflanzliche Nebenerzeugnisse (als Trockenkräuter), Kollagenhydrolysat, Algen, Hämoglobin, Saaten | BM5: https://fortan.de/CATFORTAN-Tabletten-fuer-Katzen/550
D6: =E6&""&F6&""&G6&""&H6 -> ErgänzungsfuttermittelKatzeVitamin-Spurenelement-Präparat | E6: Ergänzungsfuttermittel | F6: Katze | G6: Vitamin-Spurenelement-Präparat | L6: Biotin-plus MSM Tabs | M6: =BF6 -> 7.5 | N6: =BG6 -> 15.3 | P6: =BI6 -> 2.4 | R6: =BK6 -> 1.6 | U6: =IF(S6="","",S6/T6) | AB6: 300 | AF6: =AG6*$BO$13 -> 0 | AL6: =AK6*$BO$14 -> 0 | AN6: 250 | AO6: 120 | AP6: 80 | AQ6: 100 | AR6: 600 | AS6: 110000 | AU6: 150 | BA6: 78.5 | BB6: 0.8 | BC6: Biotin-plus MSM Tabs | BD6: Fortan | BE6: Ergänzungsfuttermittel | BF6: 7.5 | BG6: 15.3 | BI6: 2.4 | BK6: 1.6 | BL6: Hefen, MSM (Methyl Sulfonyl Methan) 7 %, Magnesiumstearat, Saaten | BM6: https://fortan.de/Biotin-plus-MSM-Tabs/582b
D7: =E7&""&F7&""&G7&""&H7 -> ErgänzungsfuttermittelKatzeVitamin-Spurenelement-Präparat | E7: Ergänzungsfuttermittel | F7: Katze | G7: Vitamin-Spurenelement-Präparat | L7: Carni-Fortan | M7: =BF7 -> 18.5 | N7: =BG7 -> 32.9 | P7: =BI7 -> 4.3 | R7: =BK7 -> 3.7 | U7: =IF(S7="","",S7/T7) | Z7: 300 | AF7: =AG7*$BO$13 -> 0 | AL7: =AK7*$BO$14 -> 0 | AN7: 1000 | AO7: 16 | AQ7: 50 | AR7: 240 | AS7: 2000 | AT7: 100 | AW7: 500 | AZ7: 2500 | BA7: 74 | BB7: 4.5 | BC7: Carni-Fortan | BD7: Fortan | BE7: Ergänzungsfuttermittel | BF7: 18.5 | BG7: 32.9 | BI7: 4.3 | BK7: 3.7 | BL7: Hefen, pflanzliche Nebenerzeugnisse, Kollagenhydrolysat, Mineralstoffe, Glucose | BM7: https://fortan.de/Carni-Fortan/586
D8: =E8&""&F8&""&G8&""&H8 -> ErgänzungsfuttermittelKatzeVitamin-Spurenelement-Präparat | E8: Ergänzungsfuttermittel | F8: Katze | G8: Vitamin-Spurenelement-Präparat | L8: ReConvales AntiPhos | M8: =BF8 -> 2 | N8: =BG8 -> 2.5 | P8: =BI8 -> 4.6 | R8: =BK8 -> 0.4 | S8: 900 | T8: 70 | U8: =IF(S8="","",S8/T8) -> 12.857143 | W8: 100 | X8: 120 | Z8: 1.15 | AB8: 0.7 | AC8: 10 | AF8: =AG8*$BO$13 -> 45 | AG8: 150 | AK8: 165 | AL8: =AK8*$BO$14 -> 4.125 | AN8: 6 | AO8: 0.5 | AP8: 0.75 | AS8: 6 | AY8: 40 | AZ8: 138 | BA8: 98.61 | BB8: 10 | BC8: ReConvales AntiPhos | BD8: Alfavet | BE8: Ergänzungsfuttermittel | BF8: 2 | BG8: 2.5 | BI8: 4.6 | BK8: 0.4 | BL8: Pflanzliche Nebenerzeugnisse, Fleisch und tierische Nebenerzeugnisse, Öle und Fette, Mineralstoffe (Calciumcarbonat 2,1 %), Hefen | BM8: https://www.vetena.de/Alfavet-ReConvales-AntiPhos-Hund-Katze
D9: =E9&""&F9&""&G9&""&H9 -> ErgänzungsfuttermittelKatzeVitamin-Spurenelement-Präparat | E9: Ergänzungsfuttermittel | F9: Katze | G9: Vitamin-Spurenelement-Präparat | L9: HepatoSan | M9: =BF9 -> 6 | N9: =BG9 -> 13.7 | P9: =BI9 -> 10.4 | R9: =BK9 -> 13.3 | U9: =IF(S9="","",S9/T9) | W9: 2 | X9: 170 | AE9: 800 | AF9: =AG9*$BO$13 -> 0 | AL9: =AK9*$BO$14 -> 0 | AN9: 240 | AP9: 28 | AR9: 16 | AS9: 800 | AW9: 400 | AY9: 960 | BA9: 266.25 | BB9: 0.7 | BC9: HepatoSan | BD9: Alfavet | BE9: Ergänzungsfuttermittel | BF9: 6 | BG9: 13.7 | BI9: 10.4 | BK9: 13.3 | BL9: Hefeerzeugnis 28 %, Mariendistelsamen 12,2 %, verarbeitetes tierisches Protein (Geflügelleber), Zichorien-Inulin 5 %, Monocalciumphosphat, Artischockenblätter 1,6 %, Kurkuma 0,8 %, Magnesiumstearat, Natriumchlorid, Magnesiumoxid | BM9: https://www.vetena.de/30-Tabletten-HepatoSan-700
D10: =E10&""&F10&""&G10&""&H10 -> ErgänzungsfuttermittelKatzeVitamin-Spurenelement-Präparat | E10: Ergänzungsfuttermittel | F10: Katze | G10: Vitamin-Spurenelement-Präparat | L10: Cervico | M10: =BF10 -> 6.9 | N10: =BG10 -> 47.8 | P10: =BI10 -> 3.9 | R10: =BK10 -> 1.7 | U10: =IF(S10="","",S10/T10) | AB10: 25 | AO10: 100 | AR10: 500 | AS10: 20000 | BA10: 38.78 | BB10: 1 | BC10: Cervico | BD10: Fortan | BE10: Ergänzungsfuttermittel | BF10: 6.9 | BG10: 47.8 | BI10: 3.9 | BK10: 1.7 | BL10: Hefen, MSM (Methyl Sulfonyl Methan) | BM10: https://fortan.de/Cervico/511
D11: =E11&""&F11&""&G11&""&H11 -> ErgänzungsfuttermittelKatzeVitamin-Spurenelement-Präparat | E11: Ergänzungsfuttermittel | F11: Katze | G11: Vitamin-Spurenelement-Präparat | L11: Animaux Gastro Balance for Cats | M11: =BF11 -> 14.3 | N11: =BG11 -> 32.1 | P11: =BI11 -> 12.1 | R11: =BK11 -> 5.8 | U11: =IF(S11="","",S11/T11) | W11: 1330 | X11: 1720 | Z11: 62.4 | AA11: 3.2 | AB11: 24 | AC11: 24 | AE11: 230 | AF11: =AG11*$BO$13 -> 1500 | AG11: 5000 | AK11: 500 | AL11: =AK11*$BO$14 -> 12.5 | AN11: 158 | AO11: 8.3 | AP11: 21.5 | AQ11: 17.8 | AR11: 139.3 | AS11: 353 | AT11: 90 | AU11: 45 | AV11: 3380 | AW11: 220 | AX11: 14.5 | BA11: 298.87 | BB11: 3.1 | BC11: animaux gastro balance for cats | BD11: animaux | BE11: Ergänzungsfuttermittel | BF11: 14.3 | BG11: 32.1 | BI11: 12.1 | BK11: 5.8 | BL11: Milch und Molkereierzeugnisse, Fleisch und tierische Nebenerzeugnisse, Obsttrester, Hefen, Zitronengras, Zichorienpülpe, Leinsaat, Mineralstoffe, Karottentrester, Reismehl, Natriumbikarbonat, Apfelpektin, Flohsamenschalen, Fenchelfrüchte, Eibischwurzel, Salbeiblätter, Kamillenblüten, Anissaat, Fisch und Fischnebenerzeugnisse. | BM11: https://animaux-nutrients.com/produkt/gastro-balance-for-cats/
D12: =E12&""&F12&""&G12&""&H12 -> ErgänzungsfuttermittelKatzeVitamin-Spurenelement-Präparat | E12: Ergänzungsfuttermittel | F12: Katze | G12: Vitamin-Spurenelement-Präparat | L12: Animaux Nutrients for Cats | M12: =BF12 -> 11.1 | N12: =BG12 -> 41.1 | P12: =BI12 -> 14.8 | R12: =BK12 -> 2.1 | U12: =IF(S12="","",S12/T12) | AA12: 12 | AB12: 90 | AC12: 90 | AE12: 860 | AF12: =AG12*$BO$13 -> 0 | AL12: =AK12*$BO$14 -> 0 | AO12: 32.5 | AP12: 84 | AQ12: 67 | AR12: 522 | AS12: 1320 | AT12: 340 | AU12: 200 | AV12: 12500 | AW12: 825 | BA12: 211.83 | BB12: 0.75 | BC12: animaux nutrients for cats | BD12: animaux | BE12: Ergänzungsfuttermittel | BF12: 11.1 | BG12: 41.1 | BI12: 14.8 | BK12: 2.1 | BL12: Erzeugnisse aus der Verarbeitung von Pflanzen, Mineralstoffe, DL-Methionin | BM12: https://www.vetena.de/120-Kautabletten-animaux-Nutrients-for-Cats
D13: =E13&""&F13&""&G13&""&H13 -> ErgänzungsfuttermittelKatzeVitamin-Spurenelement-Präparat | E13: Ergänzungsfuttermittel | F13: Katze | G13: Vitamin-Spurenelement-Präparat | L13: Multi-Mineral | M13: =BF13 -> 12.1 | N13: =BG13 -> 12.8 | P13: =BI13 -> 3.8 | R13: =BK13 -> 7.2 | S13: 2100 | T13: 400 | U13: =IF(S13="","",S13/T13) -> 5.25 | V13: 600 | X13: 200 | Z13: 120 | AA13: 40 | AB13: 200 | AC13: 50 | AD13: 1200 | AE13: 400 | AF13: =AG13*$BO$13 -> 3600 | AG13: 12000 | AK13: 1500 | AL13: =AK13*$BO$14 -> 37.5 | AN13: 80 | AO13: 12 | AP13: 6 | AQ13: 6 | AR13: 100 | AS13: 50 | AT13: 32 | AU13: 20 | AV13: 20000 | AW13: 200 | AY13: 40 | AZ13: 500 | BA13: 104.75 | BB13: 2 | BC13: Multi-Mineral | BD13: Vet-Concept | BE13: Ergänzungsfuttermittel | BF13: 12.1 | BG13: 12.8 | BI13: 3.8 | BK13: 7.2 | BL13: Kräuter* (Brennnessel, Fenchel, Anis, Kümmel, Birke, Island Moos), Apfelfaser, Bierhefe* , Calciumcarbonat, Petersilie* , Leinsamen, Karotten* , Seealgen* , Calciumglukonat, Magnesiumoxid, Magnesiumfumarat, Kaliumchlorid, * getrocknet | BM13: https://www.vet-concept.at/p/fuer-den-hund-multi-mineral-120g?d=1&emcs0=1&emcs1=Produktdetailseite&emcs2=null&emcs3=7062 | BN13: Faktor für Vitamin A | BO13: 0.3
D14: =E14&""&F14&""&G14&""&H14 -> ErgänzungsfuttermittelKatzeVitamin-Spurenelement-Präparat | E14: Ergänzungsfuttermittel | F14: Katze | G14: Vitamin-Spurenelement-Präparat | L14: VitalPro | M14: =BF14 -> 10 | N14: =BG14 -> 6.5 | P14: =BI14 -> 33.5 | R14: =BK14 -> 1 | U14: =IF(S14="","",S14/T14) | Z14: 7.5 | AB14: 15 | AC14: 0.4 | AF14: =AG14*$BO$13 -> 0 | AK14: 114.7 | AL14: =AK14*$BO$14 -> 2.8675 | AN14: 166 | AO14: 16 | AP14: 12 | AQ14: 8 | AR14: 56 | AS14: 179.9 | AT14: 93.7 | AU14: 15 | AV14: 1800 | AW14: 10 | AY14: 266 | AZ14: 200 | BA14: 171.82 | BB14: 6 | BC14: Vital Pro | BD14: Vet-Concept | BE14: Ergänzungsfuttermittel | BF14: 10 | BG14: 6.5 | BI14: 33.5 | BK14: 1 | BL14: Pflanzliche Nebenerzeugnisse, Öle und Fette (Leinöl 4 %), Fisch und Fischnebenerzeugnisse (Weißfischproteinkonzentrat 5 %), Fleisch und tierische Nebenerzeugnisse, Hefen (Quelle für Beta-Glucane, 1 %) | BM14: https://www.vet-concept.at/p/fuer-die-katze-vital-pro-110g-1 | BN14: Faktor für Vitamin D | BO14: 0.025
D15: =E15&""&F15&""&G15&""&H15 -> ErgänzungsfuttermittelKatzeVitamin-Spurenelement-Präparat | E15: Ergänzungsfuttermittel | F15: Katze | G15: Vitamin-Spurenelement-Präparat | L15: PETVITAL Arthro Tabletten | M15: =BF15 -> 6.4 | N15: =BG15 -> 2.3 | P15: =BI15 -> 0 | R15: =BK15 -> 14.7 | U15: =IF(S15="","",S15/T15) | Z15: 14.342 | AA15: 0.122 | AB15: 0.747 | AC15: 0.995 | AF15: =AG15*$BO$13 -> 0 | AL15: =AK15*$BO$14 -> 0 | AN15: 220.365 | AO15: 776.88 | AR15: 246.51 | BA15: 249.83 | BC15: PETVITAL Arthro Tabletten | BD15: Canina | BE15: Ergänzungsfuttermittel | BF15: 6.4 | BG15: 2.3 | BI15: 0 | BK15: 14.7 | BL15: Maltodextrin, Weidenrinde (Salix), Teufelskralle, Ingwer, Talkum, Magnesiumstearat, Kartoffelstärke | BM15: https://canina.de/products/723003-petvital-arthro-tabletten?cat_id=27
D16: =E16&""&F16&""&G16&""&H16 -> ErgänzungsfuttermittelKatzeVitamin-Spurenelement-Präparat | E16: Ergänzungsfuttermittel | F16: Katze | G16: Vitamin-Spurenelement-Präparat | L16: ReConvales Power Paste | M16: =BF16 -> 14 | N16: =BG16 -> 14 | P16: =BI16 -> 55 | R16: =BK16 -> 6 | U16: =IF(S16="","",S16/T16) | Z16: 10 | AB16: 10 | AC16: 6 | AF16: =AG16*$BO$13 -> 4050 | AG16: 13500 | AK16: 200 | AL16: =AK16*$BO$14 -> 5 | AN16: 120 | AO16: 25 | AP16: 3 | AQ16: 15 | AR16: 35 | AS16: 300 | AT16: 35 | AU16: 30 | AV16: 900 | AZ16: 500 | BA16: 108.27 | BC16: ReConvales Power Paste Hund und Katze | BD16: Alfavet | BE16: Ergänzungsfuttermittel | BF16: 14 | BG16: 14 | BI16: 55 | BK16: 6 | BL16: Öle und Fette, Hefen, Mineralstoffe | BM16: https://www.vetena.de/140-g-ReConvales-Power
D17: =E17&""&F17&""&G17&""&H17 -> ErgänzungsfuttermittelKatzeVitamin-Spurenelement-Präparat | E17: Ergänzungsfuttermittel | F17: Katze | G17: Vitamin-Spurenelement-Präparat | L17: Reconvales Energy | M17: =BF17 -> 2.7 | N17: =BG17 -> 17 | P17: =BI17 -> 15 | R17: =BK17 -> 1 | U17: =IF(S17="","",S17/T17) | Z17: 5 | AA17: 0.3 | AB17: 4.6 | AC17: 0.3 | AE17: 19 | AF17: =AG17*$BO$13 -> 60 | AG17: 200 | AK17: 16 | AL17: =AK17*$BO$14 -> 0.4 | AZ17: 200 | BA17: 110.15 | BB17: 40 | BC17: ReConvales Energy | BD17: Alfavet | BE17: Ergänzungsfuttermittel | BF17: 2.7 | BG17: 17 | BI17: 15 | BK17: 1 | BL17: Fleisch und tierische Nebenerzeugnisse, Öle und Fette, pflanzliche Nebenerzeugnisse, Mineralstoffe | BM17: https://www.vetena.de/180-ml-ReConvales-Energy
D18: =E18&""&F18&""&G18&""&H18 -> ErgänzungsfuttermittelKatzeVitamin-Spurenelement-Präparat | E18: Ergänzungsfuttermittel | F18: Katze | G18: Vitamin-Spurenelement-Präparat | L18: Natural Slim | M18: =BF18 -> 11 | N18: =BG18 -> 25 | P18: =BI18 -> 5.8 | R18: =BK18 -> 25 | S18: 2500 | T18: 1200 | U18: =IF(S18="","",S18/T18) -> 2.0833333 | V18: 110 | X18: 500 | Z18: 58 | AA18: 1.8 | AB18: 8.1 | AC18: 8.7 | AD18: 0.265 | AE18: 0.06 | AF18: =AG18*$BO$13 -> 315 | AG18: 1050 | AK18: 105 | AL18: =AK18*$BO$14 -> 2.625 | AN18: 10.5 | AO18: 0.35 | AP18: 0.7 | AQ18: 0.42 | AR18: 4.2 | AS18: 21 | AT18: 2.1 | AU18: 0.7 | AV18: 35 | AW18: 14 | BA18: 35.12 | BC18: Natural Slim | BD18: Vet-Concept | BE18: Ergänzungsfuttermittel | BF18: 11 | BG18: 25 | BI18: 5.8 | BK18: 25 | BL18: Trockenfleisch von Pute und Huhn, Karottenfaser, Apfelfaser, Cellulose, Orangenfaser, Kräuter, Schalentierextrakt, Guarana, Yucca schidigera | BM18: https://www.vet-concept.at/p/fuer-die-katze-natural-slim-400g-1200g
D19: =E19&""&F19&""&G19&""&H19 -> ErgänzungsfuttermittelKatzeVitamin-Spurenelement-Präparat | E19: Ergänzungsfuttermittel | F19: Katze | G19: Vitamin-Spurenelement-Präparat | L19: Dentes Cat | M19: =BF19 -> 31.5 | N19: =BG19 -> 18.6 | P19: =BI19 -> 11.8 | R19: =BK19 -> 1.9 | U19: =IF(S19="","",S19/T19) | AB19: 290 | AF19: =AG19*$BO$13 -> 0 | AL19: =AK19*$BO$14 -> 0 | AN19: 4000 | BA19: 825.7 | BB19: 1 | BC19: Dentes Cat | BD19: Nikolaus Nature | BE19: Ergänzungsfuttermittel | BF19: 31.5 | BG19: 18.6 | BI19: 11.8 | BK19: 1.9 | BL19: Omega-3-Fettsäuren (vegan), hydrolysiertes Kollagen, Plasmaprotein, Fischöl- und Fischknorpelpulver, Calciumcarbonat, Nachtkerzenölpulver (Gamma-Linolensäure), Karottenpulver, Grünlippmuschelpulver (Glukosaminsulfat, 90%ig), Katzenminze, Chondroitinsulfat (100%ig), Kieselerde, Zink-Acetat, Vitamin E (d-Alpha-Tocopherol), Zink (als Zinkchelat des Hydroxyanaloges von Methionin) | BM19: https://www.nikolaus-nature.com/produkte/dentes-cat-35g-pulver
D20: =E20&""&F20&""&G20&""&H20 -> ErgänzungsfuttermittelKatzeVitamin-Spurenelement-Präparat | E20: Ergänzungsfuttermittel | F20: Katze | G20: Vitamin-Spurenelement-Präparat | L20: Balance VMS | M20: =BF20 -> 88.2 | N20: =BG20 -> 0 | P20: =BI20 -> 5 | R20: =BK20 -> 0 | S20: 18300 | T20: 6700 | U20: =IF(S20="","",S20/T20) -> 2.7313433 | W20: 7500 | X20: 2000 | AA20: 12.5 | AF20: =AG20*$BO$13 -> 7500 | AG20: 25000 | AK20: 2500 | AL20: =AK20*$BO$14 -> 62.5 | AN20: 167.5 | AO20: 7.5 | AP20: 25 | AW20: 125 | AZ20: 2500 | BA20: 58.96 | BB20: 2.4 | BC20: Balance VMS | BD20: Trovet | BE20: Ergänzungsfuttermittel | BF20: 88.2 | BI20: 5 | BL20: Kalziumkarbonat, Monokalziumphosphat, Vitamine und Spurenelemente, Natriumchlorid, Magnesiumoxid, Maisöl | BM20: https://www.vetena.de/250-g-Balance-VMS
D21: =E21&""&F21&""&G21&""&H21 -> ErgänzungsfuttermittelKatzeVitamin-Spurenelement-Präparat | E21: Ergänzungsfuttermittel | F21: Katze | G21: Vitamin-Spurenelement-Präparat | L21: Fertil-Balance | M21: =BF21 -> 28.1 | N21: =BG21 -> 15 | P21: =BI21 -> 2 | R21: =BK21 -> 4.4 | S21: 6200 | T21: 2500 | U21: =IF(S21="","",S21/T21) -> 2.48 | V21: 900 | W21: 600 | X21: 1100 | Z21: 60 | AA21: 20 | AB21: 200 | AC21: 50 | AD21: 1000 | AE21: 500 | AF21: =AG21*$BO$13 -> 12000 | AG21: 40000 | AK21: 1000 | AL21: =AK21*$BO$14 -> 25 | AN21: 400 | AO21: 6 | AP21: 15 | AQ21: 6 | AR21: 200 | AS21: 100 | AT21: 40 | AU21: 40 | AV21: 4000 | AW21: 200 | AX21: 1 | AY21: 200 | AZ21: 1000 | BA21: 52.6 | BB21: 3 bis 9 | BC21: Fertil Balance | BD21: Vet-Concept | BE21: Ergänzungsfuttermittel | BF21: 28.1 | BG21: 15 | BI21: 2 | BK21: 4.4 | BL21: Johannisbrotmehl, Maiseiweiß, Dicalciumphosphat, Bananenmehl, Calciumcarbonat, Natriumchlorid, Magnesiumoxid, Apfelfaser, Sonnenblumenöl, Kaliumchlorid | BM21: https://www.vet-concept.at/p/fuer-die-katze-fertil-balance-500g
D22: =E22&""&F22&""&G22&""&H22 -> ErgänzungsfuttermittelKatzeVitamin-Spurenelement-Präparat | E22: Ergänzungsfuttermittel | F22: Katze | G22: Vitamin-Spurenelement-Präparat | L22: FeliMove urinary | M22: =BF22 -> 4.8 | N22: =BG22 -> 34.6 | P22: =BI22 -> 27.5 | R22: =BK22 -> 0.2 | S22: 100 | T22: 100 | U22: =IF(S22="","",S22/T22) -> 1 | W22: 100 | X22: 900 | Y22: 100 | AC22: 100 | AF22: =AG22*$BO$13 -> 0 | AL22: =AK22*$BO$14 -> 0 | AW22: 530 | BA22: 1276.6 | BB22: 0.2 | BC22: FeliMove urinary | BD22: FeliMove | BE22: Ergänzungsfuttermittel | BF22: 4.8 | BG22: 34.6 | BI22: 27.5 | BK22: 0.2 | BL22: Fischöl 53% (in Triglyceridform, davon mind. 50% EPA, 20% DHA), Chondroitinsulfat 26,6%, Cranberry-Extrakt 13,3%. Kapsel: Fischgelatine | BM22: https://fuerdeintier.de/fuer-deine-katze/felimove-urinary
D23: =E23&""&F23&""&G23&""&H23 -> ErgänzungsfuttermittelKatzeVitamin-Spurenelement-Präparat | E23: Ergänzungsfuttermittel | F23: Katze | G23: Vitamin-Spurenelement-Präparat | L23: Nutribound für Katzen | M23: =BF23 -> 1 | N23: =BG23 -> 2.7 | P23: =BI23 -> 1.9 | R23: =BK23 -> 0.8 | U23: =IF(S23="","",S23/T23) | Z23: 1.7 | AB23: 0.75 | AC23: 0.27 | AF23: =AG23*$BO$13 -> 126.36 | AG23: 421.2 | AK23: 15 | AL23: =AK23*$BO$14 -> 0.375 | AN23: 8.42 | AO23: 1.17 | AP23: 1.23 | AQ23: 2.23 | AS23: 14 | AY23: 56.1 | BA23: 70.09 | BB23: 6 | BC23: Nutribound für Katzen | BD23: Virbac | BE23: Ergänzungsfuttermittel | BF23: 1 | BG23: 2.7 | BI23: 1.9 | BK23: 0.8 | BL23: Fleisch und tierische Nebenerzeugnisse (Quellen für Arginin, Taurin und Glutamin (4.74 %), Pflanzliche Nebenprodukte, Öle und Fette (1.29 %), Mineralstoffe (0.69 %), Zichorieninulin (0.30 %), Fructooligosaccharide (0.11 %). | BM23: https://petshop.at.virbac.com/Nutribound-f%C3%BCr-Katzen?gad_source=1&gclid=Cj0KCQjwiYOxBhC5ARIsAIvdH51LqbcC0kxPvRuoWMXc206ZceO1L-QYajfvGvHFUozv1er-Y6-yMwkaAh3zEALw_wcB
D24: =E24&""&F24&""&G24&""&H24 -> ErgänzungsfuttermittelKatzeVitamin-Spurenelement-Präparat | E24: Ergänzungsfuttermittel | F24: Katze | G24: Vitamin-Spurenelement-Präparat | L24: Nutriplus | M24: =BF24 -> 2.3 | N24: =BG24 -> 1.2 | P24: =BI24 -> 30.9 | R24: =BK24 -> 2.2 | S24: 20 | T24: 4 | U24: =IF(S24="","",S24/T24) -> 5 | V24: 20 | W24: 60 | Z24: 9.24 | AC24: 18.3 | AF24: =AG24*$BO$13 -> 1.329 | AG24: 4.43 | AK24: 443 | AL24: =AK24*$BO$14 -> 11.075 | AQ24: 20 | AR24: 42 | AT24: 40 | BA24: 140.92 | BB24: 12 | BC24: Nutriplus | BD24: Virbac | BE24: Ergänzungsfuttermittel | BF24: 2.3 | BG24: 1.2 | BI24: 30.9 | BK24: 2.2 | BL24: Glucosesirup, Sojaöl, Fischöl, Zuckerrohrmelasse, hydrolysierte tierische Proteine (Schwein und Wiederkäuer), Magnesiumsulfat-Heptahydrat. | BM24: https://petshop.at.virbac.com/Nutri-plus-gel-2
D25: =E25&""&F25&""&G25&""&H25 -> ErgänzungsfuttermittelKatzeVitamin-Spurenelement-Präparat | E25: Ergänzungsfuttermittel | F25: Katze | G25: Vitamin-Spurenelement-Präparat | L25: Doppelherz Gelenk Complex | M25: =BF25 -> 4 | N25: =BG25 -> 5 | P25: =BI25 -> 5 | R25: =BK25 -> 1.5 | U25: =IF(S25="","",S25/T25) | AC25: 100 | AF25: =AG25*$BO$13 -> 0 | AL25: =AK25*$BO$14 -> 0 | AM25: 600 | BA25: 6796 | BB25: 10 | BC25: Doppelherz Gelenk Complex für Katzen | BD25: Doppelherz | BE25: Ergänzungsfuttermittel | BF25: 4 | BG25: 5 | BI25: 5 | BK25: 1.5 | BL25: Fleisch und tierische Nebenerzeugnisse, Öle und Fette (u. a. Lachsöl 3,9 %), Glucosamin (3,5 %), Grünlippmuschelmehl (2 %), Chondroitinsulfat (1 %), Milchprotein, Hagebuttenpulver (0,3 %) | BM25: https://www.fressnapf.at/p/doppelherz-gelenk-complex-fuer-katzen-25-stk-1376089/?utm_medium=public_affiliates&utm_source=awin&utm_campaign=at-go.kelkoogroup.net&utm_content=0&utm_placement=Vergleichsseiten&utm_term=503421-824C01J8FFTKRQ81RG93XX4C585HHB&sv1=affiliate&sv_campaign_id=503421&awc=68692_1727096771_5be8a3f2e7103ca495c264f3afb42d9b
D26: =E26&""&F26&""&G26&""&H26 -> ErgänzungsfuttermittelKatzeVitamin-Spurenelement-Präparat | E26: Ergänzungsfuttermittel | F26: Katze | G26: Vitamin-Spurenelement-Präparat | L26: Rena-Komplex | M26: =BF26 -> 25.3 | N26: =BG26 -> 13.1 | P26: =BI26 -> 3.6 | R26: =BK26 -> 9.1 | S26: 1200 | T26: 100 | U26: =IF(S26="","",S26/T26) -> 12 | V26: 100 | W26: 2100 | X26: 6500 | Z26: 300 | AB26: 400 | AE26: 2000 | AF26: =AG26*$BO$13 -> 36000 | AG26: 120000 | AL26: =AK26*$BO$14 -> 0 | AN26: 500 | AO26: 160 | AP26: 60 | AQ26: 60 | AV26: 200000 | AW26: 2000 | BA26: 69.5 | BB26: 1 bis 4 | BC26: Rena-Komplex | BD26: Vet-Concept | BE26: Diatergänzungsfuttermittel bei chronischer Niereninsuffizienz | BF26: 25.3 | BG26: 13.1 | BI26: 3.6 | BK26: 9.1 | BL26: Kräuter* (Weißdorn, Birke, Brennnessel) (40%), Reismehl, Natriumchlorid, Natriumhydrogencarbonat, Kaliumchlorid, Leinöl, *getrocknet | BM26: https://www.vet-concept.at/p/fuer-die-katze-rena-komplex-150g-500g
D27: =E27&""&F27&""&G27&""&H27 -> ErgänzungsfuttermittelKatzeVitamin-Spurenelement-Präparat | E27: Ergänzungsfuttermittel | F27: Katze | G27: Vitamin-Spurenelement-Präparat | L27: BARF Cat Plus | M27: =BF27 -> 12 | N27: =BG27 -> 12.9 | P27: =BI27 -> 3.7 | R27: =BK27 -> 6.9 | S27: 2000 | T27: 400 | U27: =IF(S27="","",S27/T27) -> 5 | V27: 600 | X27: 200 | Z27: 120 | AA27: 40 | AB27: 200 | AC27: 50 | AE27: 4000 | AF27: =AG27*$BO$13 -> 3600 | AG27: 12000 | AK27: 1500 | AL27: =AK27*$BO$14 -> 37.5 | AN27: 80 | AO27: 12 | AP27: 6 | AQ27: 6 | AR27: 100 | AS27: 50 | AT27: 32 | AU27: 20 | AV27: 20000 | AW27: 200 | AY27: 40 | AZ27: 500 | BA27: 82.5 | BC27: BARF Cat Plus | BD27: ANIBIO | BE27: Ergänzungsfuttermittel | BF27: 12 | BG27: 12.9 | BI27: 3.7 | BK27: 6.9 | BL27: Kräutermischung (Brennnessel, Fenchel, Anis, Kümmel, Island Moos), Apfeltrester, Bierhefe, Calciumcarbonat, Petersilie, Leinsamen, Karotten, Seealge, Calciumglukonat, Magnesiumoxid, Magnesiumfumarat, Kaliumchlorid. | BM27: https://www.anibio.de/katzen/barfen/barf-katze
D28: =E28&""&F28&""&G28&""&H28 -> ErgänzungsfuttermittelKatzeVitamin-Spurenelement-Präparat | E28: Ergänzungsfuttermittel | F28: Katze | G28: Vitamin-Spurenelement-Präparat | L28: Katze-Vital | M28: =BF28 -> 11.9 | N28: =BG28 -> 13.3 | P28: =BI28 -> 3.9 | R28: =BK28 -> 7.2 | S28: 2100 | T28: 400 | U28: =IF(S28="","",S28/T28) -> 5.25 | V28: 600 | X28: 200 | Z28: 120 | AA28: 40 | AB28: 200 | AC28: 50 | AE28: 4000 | AF28: =AG28*$BO$13 -> 3600 | AG28: 12000 | AK28: 1500 | AL28: =AK28*$BO$14 -> 37.5 | AN28: 80 | AO28: 12 | AP28: 6 | AQ28: 6 | AR28: 100 | AS28: 50 | AT28: 32 | AU28: 20 | AV28: 20000 | AW28: 200 | AY28: 40 | AZ28: 500 | BA28: 73.25 | BC28: Katze-Vital | BD28: ANIBIO | BE28: Ergänzungsfuttermittel | BF28: 11.9 | BG28: 13.3 | BI28: 3.9 | BK28: 7.2 | BL28: Kräutermischung (Brennnessel, Fenchel, Anis, Kümmel, Birke, Island Moos), Apfeltrester, Bierhefe, Calciumcarbonat, Petersilie, Leinsamen, Karotten, Seealge, Calciumglukonat, Magnesiumoxid, Magnesiumfumarat, Kaliumchlorid. | BM28: https://www.anibio.de/katzen/immunsystem-und-vitalitaet/katze-vital
D29: =E29&""&F29&""&G29&""&H29 -> ErgänzungsfuttermittelKatzeVitamin-Spurenelement-Präparat | E29: Ergänzungsfuttermittel | F29: Katze | G29: Vitamin-Spurenelement-Präparat | L29: Gelenkmix | M29: =BF29 -> 3.3 | N29: =BG29 -> 34.9 | P29: =BI29 -> 4.7 | R29: =BK29 -> 17.6 | U29: =IF(S29="","",S29/T29) | X29: 700 | AB29: 130 | AC29: 210 | AF29: =AG29*$BO$13 -> 0 | AL29: =AK29*$BO$14 -> 0 | AN29: 250 | AZ29: 1000 | BA29: 166.67 | BB29: 1 | BC29: Gelenkmix | BD29: nomsplus | BE29: Ergänzungsfuttermittel | BF29: 3.3 | BG29: 34.9 | BI29: 4.7 | BK29: 17.6 | BL29: Bierhefe (Saccharomyces Cerevisiae), Glucosamin 8,0%, Kurkumawurzel gemahlen 8,0%, Teufelskralle gemahlen 6,0%, Methylsulfonylmethan (MSM), Kohlensaurer Algenkalk, Gerstengras gemahlen 4,0%, Hyaluronsäure 1,0%, Hanföl | BM29: https://www.vetena.de/nomsplus-Gelenkmix-Hunde-Katzen
D30: =E30&""&F30&""&G30&""&H30 -> ErgänzungsfuttermittelKatzeVitamin-Spurenelement-Präparat | E30: Ergänzungsfuttermittel | F30: Katze | G30: Vitamin-Spurenelement-Präparat | L30: easy B.a.r.F basic | M30: =BF30 -> 38.5 | N30: =BG30 -> 5.2 | P30: =BI30 -> 0.6 | R30: =BK30 -> 0.2 | U30: =IF(S30="","",S30/T30) | V30: 1000 | X30: 12800 | Z30: 300 | AA30: 20 | AB30: 116 | AC30: 28 | AD30: 5600 | AF30: =AG30*$BO$13 -> 9090 | AG30: 30300 | AK30: 3030 | AL30: =AK30*$BO$14 -> 75.75 | AN30: 678 | AO30: 46.5 | AP30: 36.4 | AQ30: 32 | AR30: 303 | AS30: 1200 | AT30: 326 | AU30: 90 | AV30: 8400 | BA30: 110 | BB30: 1.25 | BC30: easy B.a.r.F basic | BD30: Lilly's Bar | BE30: Ergänzungsfuttermittel | BF30: 38.5 | BG30: 5.2 | BI30: 0.6 | BK30: 0.2 | BL30: Pektine, Mineralstoffe und Vitamine | BM30: https://www.barf-kultur.de/easy-BarF-basic
D31: =E31&""&F31&""&G31&""&H31 -> ErgänzungsfuttermittelKatzeVitamin-Spurenelement-Präparat | E31: Ergänzungsfuttermittel | F31: Katze | G31: Vitamin-Spurenelement-Präparat | L31: Enterogelan 10 | M31: =BF31 -> 35 | N31: =BG31 -> 0 | P31: =BI31 -> 0 | R31: =BK31 -> 0 | U31: =IF(S31="","",S31/T31) | W31: 800 | X31: 2000 | Y31: 3500 | AF31: =AG31*$BO$13 -> 0 | AL31: =AK31*$BO$14 -> 0 | AR31: 10 | BA31: 1390 | BC31: Enterogelan 10 | BD31: Virbac | BE31: Ergänzungsfuttermittel | BF31: 35 | BG31: 0 | BI31: 0 | BJ31: =100-(BF31+BG31+BI31) -> 65 | BK31: 0 | BL31: Leicht verdauliche Kohlenhydrate (Dextrose). Inulin, Trockengrünfutter (Kamille, Heidelbeere, Pfefferminze, Eiche, Melisse, Koriander, Kümmel, Fenchel), Natriumchlorid, Magnesiumcitrat, Kaliumsorbat, Kaliumchlorid | BM31: https://petshop.at.virbac.com/Enterogelan-10-2
D32: =E32&""&F32&""&G32&""&H32 -> ErgänzungsfuttermittelKatzeVitamin-Spurenelement-Präparat | E32: Ergänzungsfuttermittel | F32: Katze | G32: Vitamin-Spurenelement-Präparat | L32: CystoCalm | M32: =BF32 -> 7.5 | N32: =BG32 -> 26.9 | P32: =BI32 -> 8.1 | R32: =BK32 -> 0.7 | U32: =IF(S32="","",S32/T32) | AB32: 400 | AF32: =AG32*$BO$13 -> 0 | AL32: =AK32*$BO$14 -> 0 | AO32: 2500 | BB32: 2 | BC32: CystoCalm | BD32: Almapharm | BE32: Ergänzungsfuttermittel | BF32: 7.5 | BG32: 26.9 | BI32: 8.1 | BK32: 0.7 | BL32: Kartoffelstärke, Glukosamin, Kürbiskerne, Hühnreleber, Chondroitinsulfat, Milchprotein-Hydrolysat, Hyaluronsäure | BM32: https://www.almapharm.de/produkt/cystocalm-120g/
D33: =E33&""&F33&""&G33&""&H33 -> ErgänzungsfuttermittelKatzeVitamin-Spurenelement-Präparat | E33: Ergänzungsfuttermittel | F33: Katze | G33: Vitamin-Spurenelement-Präparat | L33: Calo-Pet Gel | M33: =BF33 -> 0.3 | N33: =BG33 -> 0.5 | P33: =BI33 -> 27.5 | R33: =BK33 -> 5.2 | U33: =IF(S33="","",S33/T33) | Z33: 9.5 | AC33: 17 | AD33: 8500 | AF33: =AG33*$BO$13 -> 4050 | AG33: 13500 | AK33: 1000 | AL33: =AK33*$BO$14 -> 25 | AN33: 90 | AO33: 28 | AP33: 0.2 | AQ33: 13 | AR33: 33 | BA33: 95.5 | BB33: 6 | BC33: Calo-Pet Gel | BD33: Vetoquinol | BE33: Ergänzungsfuttermittel | BF33: 0.3 | BG33: 0.5 | BI33: 27.5 | BK33: 5.2 | BL33: Glucosesirup, Sojaöl, Malz, Fischöl, Zuckerrohrmelasse, Magnesiumsulfat-Heptahydrat, leicht verdauliche Inhaltsstoffe: Glucosesirup, Malz, Zuckerrohrmelasse. | BM33: https://vetoquinol.at/produkte/calo-pet-gel
D34: =E34&""&F34&""&G34&""&H34 -> ErgänzungsfuttermittelKatzeVitamin-Spurenelement-Präparat | E34: Ergänzungsfuttermittel | F34: Katze | G34: Vitamin-Spurenelement-Präparat | L34: GimCat Multivitamin Extra | M34: =BF34 -> 5.5 | N34: =BG34 -> 5 | P34: =BI34 -> 36.5 | R34: =BK34 -> 2.5 | U34: =IF(S34="","",S34/T34) | AB34: 9.9 | AF34: =AG34*$BO$13 -> 0 | AK34: 114.7 | AL34: =AK34*$BO$14 -> 2.8675 | AN34: 166 | AO34: 2.7 | AP34: 2 | AQ34: 1.3 | AR34: 9.3 | AS34: 179.9 | AT34: 93.7 | AU34: 15 | AV34: 18000 | AX34: 0.1 | AY34: 266 | AZ34: 200 | BA34: 44.95 | BB34: 3 | BC34: GimCat Multi-Vitamin-Extra Katzenpaste 200g | BD34: GimCat | BE34: Ergänzungsfuttermittel | BF34: 5.5 | BG34: 5 | BI34: 36.5 | BK34: 2.5 | BL34: pflanzliche Nebenerzeugnisse, Öle und Fette (Fischöl 8,0%), Hefen (enthält 1,0% Beta-Glucan)Ohne Zusatz von Zucker | BM34: https://www.fressnapf.at/p/gimcat-multi-vitamin-extra-katzenpaste-200-g-1084660002/
D35: =E35&""&F35&""&G35&""&H35 -> ErgänzungsfuttermittelKatzeVitamin-Spurenelement-Präparat | E35: Ergänzungsfuttermittel | F35: Katze | G35: Vitamin-Spurenelement-Präparat | L35: Coxan Cat | M35: =BF35 -> 14 | N35: =BG35 -> 23 | P35: =BI35 -> 15.5 | R35: =BK35 -> 1.5 | U35: =IF(S35="","",S35/T35) | AB35: 300 | AF35: =AG35*$BO$13 -> 0 | AL35: =AK35*$BO$14 -> 0 | AN35: 5000 | BA35: 662.5 | BB35: 0.9 | BC35: Coxan Cat | BD35: Nikolaus Nature | BE35: Ergänzungsfuttermittel | BF35: 14 | BG35: 23 | BI35: 15.5 | BK35: 1.5 | BL35: Omega-3-Fettsäuren (vegan), Plasmaprotein, Grünlippmuschelpulver (Glukosaminsulfat, 90%ig), Fischknorpelpulver, Nachtkerzenölpulver (Gamma-Linolensäure), Chondroitinsulfat (100%ig), Karottenpulver, Katzenminze, Vitamin E (d-Alpha-Tocopherol), Zink (als Zinkchelat des Hydroxyanaloges von Methionin) | BM35: https://www.nikolaus-nature.com/produkte/coxan-cat-40g-pulver
D36: =E36&""&F36&""&G36&""&H36 -> ErgänzungsfuttermittelKatzeVitamin-Spurenelement-Präparat | E36: Ergänzungsfuttermittel | F36: Katze | G36: Vitamin-Spurenelement-Präparat | L36: IMUN Cat Para | M36: =BF36 -> 13 | N36: =BG36 -> 22 | P36: =BI36 -> 16 | R36: =BK36 -> 6.5 | U36: =IF(S36="","",S36/T36) | AB36: 350 | AF36: =AG36*$BO$13 -> 0 | AL36: =AK36*$BO$14 -> 0 | AN36: 1150 | BA36: 765.7 | BB36: 0.8 | BC36: Imun Cat Para | BD36: Nikolaus Nature | BE36: Ergänzungsfuttermittel | BF36: 13 | BG36: 22 | BI36: 16 | BK36: 6.5 | BL36: Plasmaprotein, Karottenpulver, Trockenalgen (Schizochytrium sp.), Schwarzkümmelkuchen, Chitosan/Chitin (aus Weich- und Krebstieren), Calciumcarbonat, Katzenkralle (Uncaria tomentosa), Neem-Extrakt, Nachtkerzenölpulver (Gamma-Linolensäure), Katzenminze, natürliches Vitamin B aus Buchweizenkeimling, Vitamin E (d-Alpha-Tocopherol), Zink (als Zinkchelat des Hydroxyanaloges von Methionin) | BM36: https://www.nikolaus-nature.com/produkte/imun-cat-para-35g-pulver
D37: =E37&""&F37&""&G37&""&H37 -> ErgänzungsfuttermittelKatzeVitamin-Spurenelement-Präparat | E37: Ergänzungsfuttermittel | F37: Katze | G37: Vitamin-Spurenelement-Präparat | L37: IMUN Cat | M37: =BF37 -> 13 | N37: =BG37 -> 22 | P37: =BI37 -> 16 | R37: =BK37 -> 6.5 | U37: =IF(S37="","",S37/T37) | AB37: 340 | AF37: =AG37*$BO$13 -> 0 | AL37: =AK37*$BO$14 -> 0 | AN37: 1100 | BA37: 622 | BB37: 1.2 | BC37: Imun Cat | BD37: Nikolaus Nature | BE37: Ergänzungsfuttermittel | BF37: 13 | BG37: 22 | BI37: 16 | BK37: 6.5 | BL37: Omega-3-Fettsäuren (vegan), Plasmaprotein, Chitosan/Chitin (aus Weich- und Krebstieren), Katzenkralle (Uncaria tomentosa), Schwarzkümmelkuchen, Neem-Extrakt, Nachtkerzenölpulver (Gamma-Linolensäure), Calciumcarbonat, Katzenminze, natürliches Vitamin B aus Buchweizenkeimling, Vitamin E (d-Alpha-Tocopherol), Zink (als Zinkchelat des Hydroxyanaloges von Methionin) | BM37: https://www.nikolaus-nature.com/produkte/imun-cat-50g-pulver
D38: =E38&""&F38&""&G38&""&H38 -> ErgänzungsfuttermittelKatzeVitamin-Spurenelement-Präparat | E38: Ergänzungsfuttermittel | F38: Katze | G38: Vitamin-Spurenelement-Präparat | L38: Annimally Haut und Fell | M38: =BF38 -> 10.4 | N38: =BG38 -> 38.2 | P38: =BI38 -> 7.8 | R38: =BK38 -> 0.6 | U38: =IF(S38="","",S38/T38) | AB38: 390 | AF38: =AG38*$BO$13 -> 15000 | AG38: 50000 | AL38: =AK38*$BO$14 -> 0 | AN38: 200 | AO38: 980 | AP38: 320 | AQ38: 84 | AR38: 5200 | AS38: 107800 | AT38: 10 | AU38: 2.5 | AV38: 600 | AW38: 1000 | AZ38: 6400 | BA38: 157.5 | BB38: 1.5 | BC38: Haut und Fell Pulver | BD38: Annimally | BE38: Ergänzungsfuttermittel | BF38: 10.4 | BG38: 38.2 | BI38: 7.8 | BK38: 0.6 | BL38: Hefe (inaktive Saccharomyces Cerevisae); 7 % Fischöl aus Sardinen, microverkapselt; 5 % Methylsulfonylmethan (MSM); 5 % Spirulina; Borretschöl; 2 % Nachtkerzenöl; Brennnesselblätter Feinschnitt | BM38: https://www.annimally.at/products/haut-fell-pulver-pflege-hund-katze?_gl=1*12sxr8s*_up*MQ..&gclid=Cj0KCQjwo8S3BhDeARIsAFRmkOOkVlIfv6XQGMfHY9rb7s7ecTJjkN20Gmvh4Y3s66WGsIlr4ZT4mcsaAnwnEALw_wcB
D39: =E39&""&F39&""&G39&""&H39 -> ErgänzungsfuttermittelKatzeVitamin-Spurenelement-Präparat | E39: Ergänzungsfuttermittel | F39: Katze | G39: Vitamin-Spurenelement-Präparat | L39: Annimally Gelenk Komplex | M39: =BF39 -> 7.5 | N39: =BG39 -> 46 | P39: =BI39 -> 4 | R39: =BK39 -> 0.4 | U39: =IF(S39="","",S39/T39) | AA39: 120 | AB39: 130 | AC39: 210 | AF39: =AG39*$BO$13 -> 0 | AL39: =AK39*$BO$14 -> 0 | AN39: 500 | AZ39: 3440 | BA39: 182.5 | BB39: 1 | BC39: Gelenk Komplex | BD39: Annimally | BE39: Ergänzungsfuttermittel | BF39: 7.5 | BG39: 46 | BI39: 4 | BK39: 0.4 | BL39: Hefe (inaktive Saccharomyces Cerevisae); 22 % Grünlippmuschelfleischmehl getr.; 7% Gelatine von Schweinen; 5,5 % Glucosamin-Hydrochlorid; 4,5 % Teufelskrallenwurzel gemahlen; 3 % Methylsulfonylmethan (MSM); 2,8 % Chondroitin-Sulfat (Schwein); 1,7 % Curcumawurzel gemahlen | BM39: https://www.annimally.at/products/gruenlippmuschel-pulver-katze?_gl=1*13htxg2*_up*MQ..&gclid=Cj0KCQjwo8S3BhDeARIsAFRmkOOkVlIfv6XQGMfHY9rb7s7ecTJjkN20Gmvh4Y3s66WGsIlr4ZT4mcsaAnwnEALw_wcB
D40: =E40&""&F40&""&G40&""&H40 -> ErgänzungsfuttermittelKatzeVitamin-Spurenelement-Präparat | E40: Ergänzungsfuttermittel | F40: Katze | G40: Vitamin-Spurenelement-Präparat | L40: Annimally Vitamin B Komplex | M40: =BF40 -> 25.5 | N40: =BG40 -> 29.3 | P40: =BI40 -> 2.8 | R40: =BK40 -> 1.7 | U40: =IF(S40="","",S40/T40) | AE40: 45 | AF40: =AG40*$BO$13 -> 0 | AL40: =AK40*$BO$14 -> 0 | AO40: 4500 | AP40: 1450 | AQ40: 1350 | AR40: 24000 | AT40: 45 | AU40: 12 | AV40: 2800 | AX40: 2 | BC40: Vitamin B Komplex | BD40: Annimally | BE40: Ergänzungsfuttermittel | BF40: 25.5 | BG40: 29.3 | BI40: 2.8 | BK40: 1.7 | BL40: 45 % Bierhefe (inaktiv), Apfelfaser (getrocknet), Rapsöl (gehärtet) | BM40: https://www.annimally.at/products/vitamin-b-hund-katze?_gl=1*mhpp7l*_up*MQ..&gclid=Cj0KCQjwo8S3BhDeARIsAFRmkOOkVlIfv6XQGMfHY9rb7s7ecTJjkN20Gmvh4Y3s66WGsIlr4ZT4mcsaAnwnEALw_wcB
D41: =E41&""&F41&""&G41&""&H41 -> ErgänzungsfuttermittelKatzeVitamin-Spurenelement-Präparat | E41: Ergänzungsfuttermittel | F41: Katze | G41: Vitamin-Spurenelement-Präparat | L41: Basic Care Cat | M41: =BF41 -> 11.1 | N41: =BG41 -> 21 | P41: =BI41 -> 17.5 | R41: =BK41 -> 6 | S41: 8000 | T41: 4000 | U41: =IF(S41="","",S41/T41) -> 2 | V41: 2000 | X41: 2000 | AB41: 220 | AD41: 4500 | AE41: 1100 | AF41: =AG41*$BO$13 -> 0 | AK41: 8500 | AL41: =AK41*$BO$14 -> 212.5 | AN41: 1700 | AO41: 90 | AP41: 85 | AQ41: 85 | AR41: 210 | AS41: 7500 | AT41: 330 | AU41: 350 | AV41: 35 | BA41: 446 | BB41: 0.6 | BC41: Basic Care Cat | BD41: Nikolaus Nature | BE41: Ergänzungsfuttermittel | BF41: 11.1 | BG41: 21 | BI41: 17.5 | BK41: 6 | BL41: Plasmaprotein, Calciumcarbonat, Monocalciumphosphat, Karottenpulver, Leinsamen, aufgeschlossen, Magnesiumphosphat, Weizenkleie, Natriumchlorid, Calcium-Natrium-Phosphat, Trockenalgen, Buchweizenkeimpulver | BM41: https://www.nikolaus-nature.com/produkte/basic-care-cat-50g-pulver
D42: =E42&""&F42&""&G42&""&H42 -> ErgänzungsfuttermittelKatzeVitamin-Spurenelement-Präparat | E42: Ergänzungsfuttermittel | F42: Katze | G42: Vitamin-Spurenelement-Präparat | L42: Corvital Cat | M42: =BF42 -> 12.5 | N42: =BG42 -> 30 | P42: =BI42 -> 10 | R42: =BK42 -> 5.2 | U42: =IF(S42="","",S42/T42) | AA42: 0.8 | AE42: 800 | AF42: =AG42*$BO$13 -> 0 | AL42: =AK42*$BO$14 -> 0 | AN42: 100 | AW42: 600 | BA42: 632.5 | BB42: 0.6 | BC42: Corvital Cat | BD42: Nikolaus Nature | BE42: Ergänzungsfuttermittel | BF42: 12.5 | BG42: 30 | BI42: 10 | BK42: 5.2 | BL42: Plasmaprotein, Leinsamen (aufgeschlossen) Weissdornblätter (Crataegus, gemahlen), Trockenalgen (Schizochytrium spp.), Traubenkernkuchen; Karottenpulver, Magnesiumcitrat, Trockenalgen (Spirulina), Ginkgoblätter (Ginkgo biloba), Zimt, Mistelkraut, Katzenkralle (Uncaria tomentosa), Calciumcarbonat, Acerola, Buchweizenkeimpulver (angereichert mit natürlichen B-Vitaminen) | BM42: https://www.nikolaus-nature.com/produkte/corvital-cat-40g-pulver
D43: =E43&""&F43&""&G43&""&H43 -> ErgänzungsfuttermittelKatzeVitamin-Spurenelement-Präparat | E43: Ergänzungsfuttermittel | F43: Katze | G43: Vitamin-Spurenelement-Präparat | L43: GimCat Skin & Coat Tabs | M43: =BF43 -> 6.5 | N43: =BG43 -> 23.5 | P43: =BI43 -> 13 | R43: =BK43 -> 14.5 | U43: =IF(S43="","",S43/T43) | AB43: 9.9 | AF43: =AG43*$BO$13 -> 0 | AK43: 114.7 | AL43: =AK43*$BO$14 -> 2.8675 | AN43: 26 | AO43: 2.7 | AP43: 2 | AQ43: 1.3 | AR43: 9.3 | AS43: 179.9 | AT43: 93.7 | AU43: 15 | AV43: 18000 | AW43: 10 | AX43: 0.1 | AY43: 266 | BA43: 49.75 | BC43: GimCat Skin and Coat Tabs | BD43: GimCat | BE43: Ergänzungsfuttermittel | BF43: 6.5 | BG43: 23.5 | BI43: 13 | BK43: 14.5 | BL43: Milch und Molkereierzeugnisse, Hefen, Öle und Fette. | BM43: https://www.zooplus.at/shop/katze/katzensnacks/gimpet_snacks/gimpet_katzentabs/1923750?activeVariant=1923750.1&variantId=1923750.1&mkt_source=1508220&sv1=affiliate&sv_campaign_id=323889&awc=23924_1726830129_cd015cdaed37dc93b83f98c609e4a345
D44: =E44&""&F44&""&G44&""&H44 -> ErgänzungsfuttermittelKatzeVitamin-Spurenelement-Präparat | E44: Ergänzungsfuttermittel | F44: Katze | G44: Vitamin-Spurenelement-Präparat | L44: Beaphar Flexifit Paste | M44: =BF44 -> 2.9 | N44: =BG44 -> 13 | P44: =BI44 -> 60 | R44: =BK44 -> 0 | S44: 310 | T44: 270 | U44: =IF(S44="","",S44/T44) -> 1.1481481 | V44: 1.17 | X44: 200 | AB44: 1.95 | AD44: 9715 | AE44: 7800 | AF44: =AG44*$BO$13 -> 292.5 | AG44: 975 | AK44: 78 | AL44: =AK44*$BO$14 -> 1.95 | AO44: 0.2 | AP44: 0.12 | AQ44: 0.12 | AR44: 2300 | AW44: 200 | BB44: 3.5 | BC44: Beaphar Flexifit Paste für Gelenke | BD44: Beaphar | BE44: Ergänzungsfuttermittel | BF44: 2.9 | BG44: 13 | BI44: 60 | BL44: Öle und Fette, Milch und Milcherzeugnisse, Weichtiere und Krebstiere (Glukosaminhydrochlorid 9%), Algen, Fisch und Fischnebenerzeugnisse (Lachsöl 1%), Mineralstoffe, Getreide, pflanzliche Nebenerzeugnisse. | BM44: https://www.zoomalia.at/tierhandlung/flexifit-paste-fur-gelenke-fur-hunde-und-katzen-p-148051.html
D45: =E45&""&F45&""&G45&""&H45 -> ErgänzungsfuttermittelKatzeVitamin-Spurenelement-Präparat | E45: Ergänzungsfuttermittel | F45: Katze | G45: Vitamin-Spurenelement-Präparat | L45: PetBalance Beruhigungspaste | M45: =BF45 -> 1 | N45: =BG45 -> 13.5 | P45: =BI45 -> 24 | R45: =BK45 -> 1 | U45: =IF(S45="","",S45/T45) | Z45: 2.475 | AB45: 0.278 | AC45: 2.1 | AD45: 548 | AE45: 32 | AF45: =AG45*$BO$13 -> 1886.25 | AG45: 6287.5 | AK45: 200 | AL45: =AK45*$BO$14 -> 5 | AO45: 7.5 | AP45: 7.5 | AQ45: 5 | AR45: 7.5 | AS45: 0.02 | AT45: 15 | AU45: 15 | AV45: 125000 | AY45: 200 | AZ45: 500 | BA45: 89.9 | BB45: 2.4 | BC45: PetBalance Support Beruhigungspaste | BD45: PetBalance | BE45: Ergänzungsfuttermittel | BF45: 1 | BG45: 13.5 | BI45: 24 | BK45: 1 | BL45: Hühnerprotein (20%), Rapsöl, Hefen, Hopfenblüten (2%), Melissenblätter (2%), Passionsblume (2%), Johanniskraut (1%) | BM45: https://www.fressnapf.at/p/petbalance-support-beruhigungs-paste-100g-1302078/
D46: =E46&""&F46&""&G46&""&H46 -> ErgänzungsfuttermittelKatzeVitamin-Spurenelement-Präparat | E46: Ergänzungsfuttermittel | F46: Katze | G46: Vitamin-Spurenelement-Präparat | L46: PetBalance Harn-pH Paste | M46: =BF46 -> 1.2 | N46: =BG46 -> 7 | P46: =BI46 -> 16 | R46: =BK46 -> 0.1 | U46: =IF(S46="","",S46/T46) | Z46: 2.475 | AB46: 0.278 | AC46: 2.1 | AD46: 548 | AE46: 32 | AF46: =AG46*$BO$13 -> 1612.5 | AG46: 5375 | AL46: =AK46*$BO$14 -> 0 | AO46: 6.45 | AP46: 6.45 | AQ46: 4.3 | AR46: 6.5 | AS46: 0.017 | AT46: 12.9 | AU46: 12.9 | AV46: 1075 | AY46: 200 | AZ46: 500 | BA46: 79.9 | BB46: 2.4 | BC46: PetBalance Support Harn pH Paste | BD46: PetBalance | BE46: Ergänzungsfuttermittel | BF46: 1.2 | BG46: 7 | BI46: 16 | BK46: 0.1 | BL46: Rapsöl, Malz, Magermilchpulver (laktosefrei), Cranberrypulver (4,6%) | BM46: https://www.fressnapf.at/p/petbalance-support-harn-ph-paste-100g-1302092/
D47: =E47&""&F47&""&G47&""&H47 -> ErgänzungsfuttermittelKatzeVitamin-Spurenelement-Präparat | E47: Ergänzungsfuttermittel | F47: Katze | G47: Vitamin-Spurenelement-Präparat | L47: PetBalance Lifestart Kitten | M47: =BF47 -> 3 | N47: =BG47 -> 15 | P47: =BI47 -> 16 | R47: =BK47 -> 0.6 | U47: =IF(S47="","",S47/T47) | Z47: 2.45 | AB47: 0.275 | AC47: 2.09 | AD47: 543 | AE47: 32 | AF47: =AG47*$BO$13 -> 937.5 | AG47: 3125 | AK47: 200 | AL47: =AK47*$BO$14 -> 5 | AO47: 3.75 | AP47: 3.75 | AQ47: 2.5 | AR47: 3.7 | AS47: 0.01 | AT47: 7.5 | AU47: 7.5 | AV47: 625 | AZ47: 500 | BA47: 84.9 | BB47: 2.4 | BC47: PetBalance Lifestart Kitten Pase | BD47: PetBalance | BE47: Ergänzungsfuttermittel | BF47: 3 | BG47: 15 | BI47: 16 | BK47: 0.6 | BL47: Walnussöl, Magermilchpulver, Molkenproteinkonzentrat, Malz, Fructo-Oligosaccharide (0,5%), Ananaspulver (0,25%), Papayapulver (0,25%) | BM47: https://www.fressnapf.at/p/petbalance-lifestart-kitten-paste-100g-1002684004/
D48: =E48&""&F48&""&G48&""&H48 -> ErgänzungsfuttermittelKatzeVitamin-Spurenelement-Präparat | E48: Ergänzungsfuttermittel | F48: Katze | G48: Vitamin-Spurenelement-Präparat | L48: FeliMove glucose | M48: =BF48 -> 11.6 | N48: =BG48 -> 43.2 | P48: =BI48 -> 11.1 | R48: =BK48 -> 3.4 | U48: =IF(S48="","",S48/T48) | AB48: 135 | AF48: =AG48*$BO$13 -> 0 | AL48: =AK48*$BO$14 -> 0 | AR48: 1000 | AV48: 2100 | BA48: 416.67 | BB48: 1.06 | BC48: FeliMove glucose | BD48: FeliMove | BE48: Ergänzungsfuttermittel | BF48: 11.6 | BG48: 43.2 | BI48: 11.1 | BK48: 3.4 | BL48: Fleisch- und tierische Nebenprodukte, Milcherzeugnisse, Hefe, Milchprotein- Hydrolysat (Pep2Dia®) 12,5%, Zimt-Extrakt 1,9% | BM48: https://fuerdeintier.de/fuer-deine-katze/felimove-glucose
D49: =E49&""&F49&""&G49&""&H49 -> ErgänzungsfuttermittelKatzeVitamin-Spurenelement-Präparat | E49: Ergänzungsfuttermittel | F49: Katze | G49: Vitamin-Spurenelement-Präparat | L49: FeliMove motion | M49: =BF49 -> 0.9 | N49: =BG49 -> 7.1 | P49: =BI49 -> 2 | R49: =BK49 -> 0.7 | U49: =IF(S49="","",S49/T49) | AE49: 1000 | AF49: =AG49*$BO$13 -> 0 | AL49: =AK49*$BO$14 -> 0 | AN49: 117.5 | AO49: 10.5 | AP49: 10.5 | AQ49: 25 | AR49: 245 | AS49: 520 | AT49: 69 | AU49: 25.5 | AV49: 3000 | AZ49: 1000 | BA49: 400 | BB49: 1 | BC49: FeliMove motion | BD49: FeliMove | BE49: Ergänzungsfuttermittel | BF49: 0.9 | BG49: 7.1 | BI49: 2 | BK49: 0.7 | BL49: Malzsirup 40%, Glucosamin-Hydrochlorid 5%, Organischer Schwefel 5%, Fischöl-Konzentrat 3,7%, Natriumcaseinat 2%, Teufelskrallenextrakt (aus Teufelskralle geschnitten) 5%, Muschelfleischmehl aus Perna Canaliculus 1%, Weidenrinde gemahlen 0,1% | BM49: https://fuerdeintier.de/fuer-deine-katze/felimove-motion
D50: =E50&""&F50&""&G50&""&H50 -> ErgänzungsfuttermittelKatzeVitamin-Spurenelement-Präparat | E50: Ergänzungsfuttermittel | F50: Katze | G50: Vitamin-Spurenelement-Präparat | L50: Doppelherz Haut und Fell Complex | M50: =BF50 -> 2 | N50: =BG50 -> 4 | P50: =BI50 -> 4 | R50: =BK50 -> 1.5 | U50: =IF(S50="","",S50/T50) | AA50: 5 | AB50: 50 | AF50: =AG50*$BO$13 -> 900 | AG50: 3000 | AL50: =AK50*$BO$14 -> 0 | AN50: 600 | AO50: 8 | AP50: 5 | AQ50: 4 | AR50: 25 | AS50: 7500 | AT50: 40 | AU50: 6 | BA50: 67.96 | BB50: 10 | BC50: Doppelherz Haut und Fell Complex | BD50: Doppelherz | BE50: Ergänzungsfuttermittel | BF50: 2 | BG50: 4 | BI50: 4 | BK50: 1.5 | BL50: Fleisch und tierische Nebenerzeugnisse, Öle und Fette (u. a. Lachsöl 3 %, Borretschöl 1 %), Bierhefe (2 %), Milchprotein | BM50: https://www.fressnapf.at/p/doppelherz-haut--fell-complex-25x10g-1376242/
D51: =E51&""&F51&""&G51&""&H51 -> ErgänzungsfuttermittelKatzeVitamin-Spurenelement-Präparat | E51: Ergänzungsfuttermittel | F51: Katze | G51: Vitamin-Spurenelement-Präparat | L51: Enterogenic Cat | M51: =BF51 -> 31 | N51: =BG51 -> 11 | P51: =BI51 -> 8 | R51: =BK51 -> 12.5 | U51: =IF(S51="","",S51/T51) | AB51: 250 | AE51: 2000 | AF51: =AG51*$BO$13 -> 0 | AL51: =AK51*$BO$14 -> 0 | AT51: 2000 | AV51: 120000 | BA51: 497.5 | BB51: 1.2 | BC51: Enterogenic Cat | BD51: Nikolaus Nature | BE51: Ergänzungsfuttermittel | BF51: 31 | BG51: 11 | BI51: 8 | BK51: 12.5 | BL51: Schwarzkümmelkuchen, kohlensaurer Algenkalk (Lithothamnium calcareum), Leinsamen (aufgeschlossen), Aktivkulturen (Präbiotikum), Omega-3-Fettsäuren (vegan), Inulin (pflanzliches Probiotikum) Magnesium, Folsäure, Kalium, Katzenkralle (Uncaria tomentosa), Magnesiumacetat, Zimtpulver, Natriumchlorid, Neem-Extrakt Kaliumchlorid, Niacinamid, Beta-Carotin, Zink (als Zinkchelat des Hydroxyanaloges von Methionin), Selen (als inaktivierte Selenhefe – Saccharomyces cerevisiae), Enterococcus faecium DSM 10663/NCIMB (1,30x10E11 KBE) | BM51: https://www.nikolaus-nature.com/produkte/enterogenic-cat-40g-pulver
D52: =E52&""&F52&""&G52&""&H52 -> ErgänzungsfuttermittelKatzeVitamin-Spurenelement-Präparat | E52: Ergänzungsfuttermittel | F52: Katze | G52: Vitamin-Spurenelement-Präparat | L52: OV-Derma Cat | M52: =BF52 -> 17.4 | N52: =BG52 -> 28 | P52: =BI52 -> 10.8 | R52: =BK52 -> 5.7 | U52: =IF(S52="","",S52/T52) | AB52: 340 | AF52: =AG52*$BO$13 -> 0 | AL52: =AK52*$BO$14 -> 0 | AN52: 1800 | AS52: 35000 | AW52: 2300 | BA52: 720 | BB52: 0.6 | BC52: OV-Derma Cat | BD52: Nikolaus Nature | BE52: Ergänzungsfuttermittel | BF52: 17.4 | BG52: 28 | BI52: 10.8 | BK52: 5.7 | BL52: Plasmaprotein, Leinsamen (aufgeschlossen), Calcium, Calciumcarbonat, Omega-3-Fettsäuren (vegan), Nachtkerzenölpulver (Gamma-Linolensäure), Schwarzkümmelkuchen, Zimtpulver, Katzenkralle (Uncaria tomentosa), Papaya-Extrakt, Neem-Extrakt, Silizium (Zeolith), Folsäure, Vitamin E (d-Alpha-Tocopherol), Vitamin C (als L-Ascorbinsäure), Biotin, Zink (als Zinkchelat des Hydroxyanaloges von Methionin), Bentonit-Montmorillonit, Fischölpulver | BM52: https://www.nikolaus-nature.com/produkte/ov-derma-cat-40g-pulver
D53: =E53&""&F53&""&G53&""&H53 -> ErgänzungsfuttermittelKatzeVitamin-Spurenelement-Präparat | E53: Ergänzungsfuttermittel | F53: Katze | G53: Vitamin-Spurenelement-Präparat | L53: Feline Sensitiv | M53: =BF53 -> 0 | N53: =BG53 -> 0 | P53: =BI53 -> 0 | R53: =BK53 -> 0 | S53: 28000 | T53: 1 | U53: =IF(S53="","",S53/T53) -> 28000 | V53: 600 | X53: 600 | Z53: 600 | AA53: 40 | AB53: 500 | AC53: 40 | AD53: 10000 | AE53: 900 | AF53: =AG53*$BO$13 -> 7500 | AG53: 25000 | AK53: 2200 | AL53: =AK53*$BO$14 -> 55 | AN53: 300 | AO53: 50 | AP53: 30 | AR53: 200 | AS53: 700 | AV53: 250 | AZ53: 3500 | BA53: 149.17 | BB53: 1 | BC53: Feline sensitiv - Nährstoffergänzung für Katzen | BD53: napfcheck | BE53: Ergänzungsfuttermittel | BL53: Calciumcarbonat, Natriumchlorid, Magnesiumoxid | BM53: https://www.napfcheck-shop.at/produkt/napfcheck-feline-sensitive-naehrstoffergaenzung-fuer-katzen/
D54: =E54&""&F54&""&G54&""&H54 -> ErgänzungsfuttermittelKatzeVitamin-Spurenelement-Präparat | E54: Ergänzungsfuttermittel | F54: Katze | G54: Vitamin-Spurenelement-Präparat | L54: Canina Cat-Felltop-Gel | M54: =BF54 -> 0.8 | N54: =BG54 -> 0 | P54: =BI54 -> 0.2 | R54: =BK54 -> 0.5 | U54: =IF(S54="","",S54/T54) | AB54: 50 | AF54: =AG54*EFM!$BO$13 -> 0 | AL54: =AK54*$BO$14 -> 0 | AS54: 33300 | BA54: 149.9 | BB54: 3 | BC54: Canina Felltop-Gel | BD54: Canina | BE54: Ergänzungsfuttermittel | BF54: 0.8 | BG54: 0 | BI54: 0.2 | BJ54: =100-(BF54+BG54+BI54) -> 99 | BK54: 0.5 | BL54: Traubenzucker, Rohrzucker | BM54: https://canina.de/products/230907-cat-felltop-gel?cat_id=22
D55: =E55&""&F55&""&G55&""&H55 -> ErgänzungsfuttermittelKatzeVitamin-Spurenelement-Präparat | E55: Ergänzungsfuttermittel | F55: Katze | G55: Vitamin-Spurenelement-Präparat | L55: Felimed Dolomicin | M55: =BF55 -> 11.2 | N55: =BG55 -> 36.9 | P55: =BI55 -> 13 | R55: =BK55 -> 2.2 | U55: =IF(S55="","",S55/T55) | AA55: 1.6 | AB55: 12 | AC55: 12 | AE55: 115 | AF55: =AG55*$BO$13 -> 750 | AG55: 2500 | AK55: 250 | AL55: =AK55*$BO$14 -> 6.25 | AN55: 1079 | AO55: 4.2 | AP55: 10.8 | AQ55: 8.9 | AR55: 69.7 | AS55: 177 | AT55: 45 | AU55: 27 | AV55: 1690 | AW55: 1110 | AX55: 7.3 | BA55: 344.27 | BB55: 0.9 | BC55: Felimed Dolomicin | BD55: Feravet | BE55: Ergänzungsfuttermittel | BF55: 11.2 | BG55: 36.9 | BI55: 13 | BK55: 2.2 | BL55: Fleisch und tierische Nebenerzeugnisse, Milch und Molkereierzeugnisse, Hefen, 2 % Grünlippmuschelpulver, 2 % Kollagenhydrolysat von Schweinen, Mineralstoffe, Fisch und Fischnebenerzeugnisse, Eier und Eierzeugnisse | BM55: https://www.vetena.de/felimed-Dolomicin-fuer-Katze
D56: =E56&""&F56&""&G56&""&H56 -> ErgänzungsfuttermittelKatzeVitamin-Spurenelement-Präparat | E56: Ergänzungsfuttermittel | F56: Katze | G56: Vitamin-Spurenelement-Präparat | L56: Felimed Resistamin | M56: =BF56 -> 13 | N56: =BG56 -> 37.4 | P56: =BI56 -> 13.1 | R56: =BK56 -> 1.9 | U56: =IF(S56="","",S56/T56) | AA56: 6.4 | AB56: 48 | AC56: 48 | AE56: 460 | AF56: =AG56*$BO$13 -> 3000 | AG56: 10000 | AK56: 1000 | AL56: =AK56*$BO$14 -> 25 | AN56: 2316 | AO56: 16.7 | AP56: 43.1 | AQ56: 35.6 | AR56: 278.6 | AS56: 707 | AT56: 181 | AU56: 108 | AV56: 6760 | AW56: 1440 | AX56: 29 | AZ56: 4000 | BA56: 344.27 | BB56: 0.9 | BC56: Felimed Resistamin | BD56: Feravet | BE56: Ergänzungsfuttermittel | BF56: 13 | BG56: 37.4 | BI56: 13.1 | BK56: 1.9 | BL56: Fleisch und tierische Nebenerzeugnisse, Milch und Molkereierzeugnisse, 8,8 % Hefen (beta-Glucane), 4 % Kolostrumpulver, 2 % Zichorien- Inulin, Mineralstoffe, Eier und Eierzeugnisse, Fisch und Fischnebenerzeugnisse | BM56: https://www.vetena.de/felimed-Resistamin-Katze
D57: =E57&""&F57&""&G57&""&H57 -> ErgänzungsfuttermittelKatzeVitamin-Spurenelement-Präparat | E57: Ergänzungsfuttermittel | F57: Katze | G57: Vitamin-Spurenelement-Präparat | L57: Felimed Cystolamin | M57: =BF57 -> 10.8 | N57: =BG57 -> 40.6 | P57: =BI57 -> 12.8 | R57: =BK57 -> 2 | U57: =IF(S57="","",S57/T57) | AA57: 3.2 | AB57: 24 | AC57: 24 | AE57: 230 | AF57: =AG57*$BO$13 -> 1500 | AG57: 5000 | AK57: 500 | AL57: =AK57*$BO$14 -> 12.5 | AN57: 658 | AO57: 8.3 | AP57: 21.5 | AQ57: 17.8 | AR57: 139.3 | AS57: 353 | AT57: 90 | AU57: 54 | AV57: 3380 | AW57: 220 | AX57: 14.5 | AZ57: 4000 | BA57: 344.27 | BB57: 0.9 | BC57: Felimed Cystolamin | BD57: Feravet | BE57: Ergänzungsfuttermittel | BF57: 10.8 | BG57: 40.6 | BI57: 12.8 | BK57: 2 | BL57: Fleisch und tierische Nebenerzeugnisse, Milch und Molkereierzeugnisse, Hefen, Bärentraubenblätter, 2 %, Goldrute, 2 % Grünlippmuschelpulver, Mineralstoffe, 1 % Liebstöckel, 0,3 % Schachtelhalm, Hopfen, Eier und Eierzeugnisse, Fisch und Fischnebenerzeugnisse | BM57: https://www.vetena.de/42-Tabletten-felimed-Cystolamin
D58: =E58&""&F58&""&G58&""&H58 -> ErgänzungsfuttermittelKatzeVitamin-Spurenelement-Präparat | E58: Ergänzungsfuttermittel | F58: Katze | G58: Vitamin-Spurenelement-Präparat | L58: Felimed Nephricin | M58: =BF58 -> 18.3 | N58: =BG58 -> 32.2 | P58: =BI58 -> 11.1 | R58: =BK58 -> 3.6 | U58: =IF(S58="","",S58/T58) | AA58: 4 | AB58: 30 | AC58: 30 | AE58: 288 | AF58: =AG58*$BO$13 -> 1875 | AG58: 6250 | AK58: 625 | AL58: =AK58*$BO$14 -> 15.625 | AN58: 697.5 | AO58: 10.4 | AP58: 26.9 | AQ58: 22.3 | AR58: 174.1 | AS58: 442 | AT58: 113 | AU58: 67.5 | AV58: 4230 | AW58: 275 | AX58: 18.2 | AZ58: 5000 | BA58: 328.39 | BB58: 0.9 | BC58: Felimed Nephricin | BD58: Feravet | BE58: Ergänzungsfuttermittel | BF58: 18.3 | BG58: 32.2 | BI58: 11.1 | BK58: 3.6 | BL58: Fleisch und tierische Nebenerzeugnisse, Milch und Molkereierzeugnisse, Hefen, 6,5 % Calciumcarbonat, Weich- und Krebstiere, 2 % Natriumbicarbonat, Mineralstoffe, 1 % Rhabarberwurzel, Orthosiphon, Schisandra, Eier und Eierzeugnisse | BM58: https://www.vetena.de/felimed-Nephricin-Katze
D59: =E59&""&F59&""&G59&""&H59 -> ErgänzungsfuttermittelKatzeVitamin-Spurenelement-Präparat | E59: Ergänzungsfuttermittel | F59: Katze | G59: Vitamin-Spurenelement-Präparat | L59: Felimed Dermasol | M59: =BF59 -> 10.8 | N59: =BG59 -> 40.6 | P59: =BI59 -> 12.8 | R59: =BK59 -> 2 | U59: =IF(S59="","",S59/T59) | AA59: 12.8 | AB59: 96 | AC59: 96 | AE59: 920 | AF59: =AG59*$BO$13 -> 36000 | AG59: 120000 | AK59: 2000 | AL59: =AK59*$BO$14 -> 50 | AN59: 632 | AO59: 33.4 | AP59: 86.1 | AQ59: 71.2 | AR59: 557.2 | AS59: 1413 | AT59: 361 | AU59: 216 | AV59: 13520 | AW59: 880 | AX59: 58.1 | BA59: 325.87 | BB59: 0.9 | BC59: Felimed Dermasol | BD59: Feravet | BE59: Ergänzungsfuttermittel | BF59: 10.8 | BG59: 40.6 | BI59: 12.8 | BK59: 2 | BL59: Fleisch und tierische Nebenerzeugnisse, Milch und Molkereierzeugnisse, Hefen, Seealge Ascophyllum, Mineralstoffe, Leinöl, 0,75 % Hirsesamen, Fisch und Fischnebenerzeugnisse, Eier und Eierzeugnisse | BM59: https://www.vetena.de/felimed-Dermasol-Katze
D60: =E60&""&F60&""&G60&""&H60 -> ErgänzungsfuttermittelKatzeVitamin-Spurenelement-Präparat | E60: Ergänzungsfuttermittel | F60: Katze | G60: Vitamin-Spurenelement-Präparat | L60: Biotin mit Zink | M60: =BF60 -> 2.9 | N60: =BG60 -> 1.7 | P60: =BI60 -> 0.2 | R60: =BK60 -> 0.3 | U60: =IF(S60="","",S60/T60) | X60: 100 | AB60: 400 | AF60: =AG60*$BO$13 -> 0 | AL60: =AK60*$BO$14 -> 0 | AS60: 70 | BA60: 65.19 | BC60: Biotin mit Zink | BD60: ANIBIO | BE60: Ergänzungsfuttermittel | BF60: 2.9 | BG60: 1.7 | BI60: 0.2 | BK60: 0.3 | BL60: Dextrose, Calciumcarbonat, Vanille (Aroma). | BM60: https://www.anibio.de/ergaenzungsfutter/biotin
D61: =E61&""&F61&""&G61&""&H61 -> ErgänzungsfuttermittelKatzeVitamin-Spurenelement-Präparat | E61: Ergänzungsfuttermittel | F61: Katze | G61: Vitamin-Spurenelement-Präparat | L61: VISOGuard | M61: =BF61 -> 0 | N61: =BG61 -> 0 | P61: =BI61 -> 0 | R61: =BK61 -> 0 | U61: =IF(S61="","",S61/T61) | AB61: 210 | AE61: 500 | AF61: =AG61*$BO$13 -> 0 | AL61: =AK61*$BO$14 -> 0 | AW61: 200 | BA61: 562 | BB61: 0.5 | BC61: VISOGuard | BD61: reboVet | BE61: Ergänzungsfuttermittel | BL61: Lutein, Zeaxanthin, Vitamin E-Acetat, Vitamin C, Selenhefe, Zinkgluconat | BM61: https://www.vetena.de/ReboTabs-VISOGuard-Hund-Katze
D62: =E62&""&F62&""&G62&""&H62 -> ErgänzungsfuttermittelKatzeVitamin-Spurenelement-Präparat | E62: Ergänzungsfuttermittel | F62: Katze | G62: Vitamin-Spurenelement-Präparat | L62: ReboTabs VMR | M62: =BF62 -> 35.1 | N62: =BG62 -> 18.8 | P62: =BI62 -> 8.6 | R62: =BK62 -> 8.6 | U62: =IF(S62="","",S62/T62) | Z62: 400 | AA62: 8.7 | AB62: 250 | AC62: 10 | AF62: =AG62*$BO$13 -> 21900 | AG62: 73000 | AK62: 1400 | AL62: =AK62*$BO$14 -> 35 | AN62: 400 | AO62: 150 | AP62: 320 | AQ62: 140 | AR62: 1500 | AS62: 100000 | AT62: 100 | AU62: 730 | AV62: 20000 | BA62: 132.07 | BB62: 1.5 | BC62: ReboTabs VMR für Hunde und Katzen | BD62: reboVet | BE62: Ergänzungsfuttermittel | BF62: 35.1 | BG62: 18.8 | BI62: 8.6 | BK62: 8.6 | BL62: Cellulose, Sojaproteinisolat, Bierhefe (inaktiv), Molke, Natriumchlorid, Magnesiumoxid, Di-Calcium-Phosphat, Calcium Carbonat (Eierschale), Rapsöl (gehärtet), Curcuma (getrocknet, gemahlen) | BM62: https://www.vetena.de/ReboTabs-VMR-Hund-Katze
D63: =E63&""&F63&""&G63&""&H63 -> ErgänzungsfuttermittelKatzeVitamin-Spurenelement-Präparat | E63: Ergänzungsfuttermittel | F63: Katze | G63: Vitamin-Spurenelement-Präparat | L63: ReboTabs DiAssist cat für Katzen | M63: =BF63 -> 11.5 | N63: =BG63 -> 41.2 | P63: =BI63 -> 11.5 | R63: =BK63 -> 3 | U63: =IF(S63="","",S63/T63) | AB63: 135 | AF63: =AG63*$BO$13 -> 0 | AL63: =AK63*$BO$14 -> 0 | AR63: 500 | AV63: 2880 | AZ63: 500 | BA63: 218.47 | BB63: 2.1 | BC63: ReboTabs DiAssist cat für Katzen | BD63: reboVet | BE63: Ergänzungsfuttermittel | BF63: 11.5 | BG63: 41.2 | BI63: 11.5 | BK63: 3 | BL63: Fleisch und tierische Nebenerzeugnisse, Milch und Molkereierzeugnisse, 12,5 % hydrolysiertes Molkenproteinkonzentrat (Pep2Dia®), Hefen, Reismehl | BM63: https://www.vetena.de/ReboTabs-DiAssist-cat-Katze
D64: =E64&""&F64&""&G64&""&H64 -> ErgänzungsfuttermittelKatzeVitamin-Spurenelement-Präparat | E64: Ergänzungsfuttermittel | F64: Katze | G64: Vitamin-Spurenelement-Präparat | L64: Irostol | M64: =BF64 -> 0 | N64: =BG64 -> 0 | P64: =BI64 -> 0 | R64: =BK64 -> 0 | U64: =IF(S64="","",S64/T64) | AB64: 0.626 | AE64: 420 | AF64: =AG64*$BO$13 -> 10500 | AG64: 35000 | AK64: 6940 | AL64: =AK64*$BO$14 -> 173.5 | AN64: 3250 | AO64: 104 | AP64: 8.33 | AQ64: 104 | AR64: 1250 | AS64: 3340 | AT64: 0.347 | AU64: 0.34 | AZ64: 3.34 | BA64: 276 | BC64: Irostol Katze | BD64: Nutrilabs | BE64: Ergänzungsfuttermittel | BL64: Calciumcarbonat, Methylsulphonylmethan (MSM) 12,5 %, Fischöl (Quelle von Omegafettsäuren) 12,5 %, Trockenalgen (Schizochytrium), Trockenalgen (Spirulina) (Arthrospira platensis), Erzeugnisse aus der Verarbeitung von Pflanzen: Yamswurzel (Dioscorea opposita) 0,5 %, Artischockenblätter (Cynara cardunculus), Rosenwurz (Rhodiola rosea); Hefenerzeugnisse* (Saccharomyces cerevisiae) 4,0 %, Bockshornkleesaat (Trigonella foenum-graecum) 2,0 %, Süßholzwurzel (Glycyrrhiza glabra) 0,7 %, Trockenalgen (Chlorella sp.), Mono- und Diglyceride von Fettsäuren, Maltodextrin, Weizenstärke (vorverkleistert). | BM64: https://www.shop-apotheke.at/tiergesundheit/D18829265/irostol-katze.htm?campaign=priceC/guenstiger/18829265/NOCBP/480768623903571136&expa=gue
D65: =E65&""&F65&""&G65&""&H65 -> ErgänzungsfuttermittelKatzeVitamin-Spurenelement-Präparat | E65: Ergänzungsfuttermittel | F65: Katze | G65: Vitamin-Spurenelement-Präparat | L65: Kalium-Glukonat Albrecht | M65: =BF65 -> 15 | N65: =BG65 -> 15 | P65: =BI65 -> 5 | R65: =BK65 -> 0.5 | S65: 900 | T65: 600 | U65: =IF(S65="","",S65/T65) -> 1.5 | V65: 100 | W65: 8500 | AA65: 0.8 | AF65: =AG65*$BO$13 -> 135 | AG65: 450 | AK65: 45 | AL65: =AK65*$BO$14 -> 1.125 | AN65: 5 | AZ65: 50 | BA65: 411.8 | BB65: 2 | BC65: Kalium-Glukonat Albrecht | BD65: Dechra | BE65: Ergänzungsfuttermittel | BF65: 15 | BG65: 15 | BI65: 5 | BK65: 0.5 | BL65: 50 % Kalium-Glukonat, Weizen, Mais, Geflügelfleisch, Griebenmehl, Geflügelfett, Geflügelleber (hydrolisiert), Dicalciumphosphat, Rübenschnitzel, Natriumchlorid | BM65: https://www.dechra.at/produkte/at/katze/futtermittel/kalium-glukonat
D66: =E66&""&F66&""&G66&""&H66 -> ErgänzungsfuttermittelKatzeVitamin-Spurenelement-Präparat | E66: Ergänzungsfuttermittel | F66: Katze | G66: Vitamin-Spurenelement-Präparat | L66: L-Lysin Albrecht | M66: =BF66 -> 16 | N66: =BG66 -> 72 | P66: =BI66 -> 3 | R66: =BK66 -> 0.3 | U66: =IF(S66="","",S66/T66) | AA66: 0.5 | AF66: =AG66*$BO$13 -> 91.8 | AG66: 306 | AK66: 30.5 | AL66: =AK66*$BO$14 -> 0.7625 | AN66: 3.4 | AZ66: 34 | BA66: 253.4 | BB66: 2 | BC66: L-Lysin Albrecht | BD66: Dechra | BE66: Ergänzungsfuttermittel | BF66: 16 | BG66: 72 | BI66: 3 | BK66: 0.3 | BL66: Weizen, Mais, Geflügelfleisch, Griebenmehl, Geflügelfett, Geflügelleber (hydrolisiert), Dicalciumphosphat, Rübenschnitzel, Natriumchlorid. | BM66: https://www.dechra.at/produkte/at/katze/futtermittel/l-lysin
D67: =E67&""&F67&""&G67&""&H67 -> ErgänzungsfuttermittelKatzeVitamin-Spurenelement-Präparat | E67: Ergänzungsfuttermittel | F67: Katze | G67: Vitamin-Spurenelement-Präparat | L67: VMP Tabletten | M67: =BF67 -> 30 | N67: =BG67 -> 33 | P67: =BI67 -> 3 | R67: =BK67 -> 1 | S67: 6500 | T67: 5300 | U67: =IF(S67="","",S67/T67) -> 1.2264151 | V67: 1800 | X67: 300 | Z67: 600 | AA67: 4.5 | AB67: 200 | AC67: 10 | AF67: =AG67*$BO$13 -> 21000 | AG67: 70000 | AK67: 1000 | AL67: =AK67*$BO$14 -> 25 | AN67: 230 | AO67: 50 | AP67: 50 | AQ67: 25 | AR67: 50 | AS67: 1200 | AT67: 250 | AV67: 3000 | BA67: 150 | BB67: 1.5 | BC67: VMP Tabletten | BD67: Zoetis | BE67: Ergänzungsfuttermittel | BF67: 30 | BG67: 33 | BI67: 3 | BK67: 1 | BL67: Hefe/Hefeextrakt, Kalziumhydrogenphosphat, Magnesiumoxid, Laktose, Fleischnebenprodukte | BM67: https://www.vetena.de/50-Tabletten-VMP
D68: =E68&""&F68&""&G68&""&H68 -> ErgänzungsfuttermittelKatzeVitamin-Spurenelement-Präparat | E68: Ergänzungsfuttermittel | F68: Katze | G68: Vitamin-Spurenelement-Präparat | L68: Ekzedermasel-Kapseln | M68: =BF68 -> 2.3 | N68: =BG68 -> 22.2 | P68: =BI68 -> 65.1 | R68: =BK68 -> 0 | U68: =IF(S68="","",S68/T68) | AB68: 102.5 | AF68: =AG68*$BO$13 -> 28713.03 | AG68: 95710.1 | AL68: =AK68*$BO$14 -> 0 | AS68: 3418.2 | AU68: 683.6 | BC68: Ekzedermasel-Kapseln | BD68: Selectavet | BE68: Ergänzungsfuttermittel | BF68: 2.3 | BG68: 22.2 | BI68: 65.1 | BK68: 0 | BL68: Pflanzenöl Seetieröl Gelatine (Fisch) Glyerin Wasser | BM68: https://www.selectavet.de/fileadmin/selectavet/content/ordermanager/Ekzedermasel_Kapseln-2022-11.pdf
D69: =E69&""&F69&""&G69&""&H69 -> ErgänzungsfuttermittelKatzeVitamin-Spurenelement-Präparat | E69: Ergänzungsfuttermittel | F69: Katze | G69: Vitamin-Spurenelement-Präparat | L69: Keravita | M69: =BF69 -> 29.9 | N69: =BG69 -> 21.6 | P69: =BI69 -> 7.7 | R69: =BK69 -> 9.4 | S69: 6200 | T69: 5500 | U69: =IF(S69="","",S69/T69) -> 1.1272727 | X69: 200 | AB69: 800 | AF69: =AG69*$BO$13 -> 0 | AL69: =AK69*$BO$14 -> 0 | AN69: 604.58 | AQ69: 62.9 | AS69: 5920 | AT69: 429.2 | AU69: 92.5 | BB69: 0.675 | BC69: Keravita | BD69: Dermoscent Laboratoire | BE69: Ergänzungsfuttermittel | BF69: 29.9 | BG69: 21.6 | BI69: 7.7 | BK69: 9.4 | BL69: Dicalciumphosphat Geschmacksverbesserung: Nebenprodukte von Geflügel, Hefen, Zucker Bierhefe Zinkgluconat Tricalciumphosphat Leinöl Magnesiumstearat Weizenprotein Maltodextrin Bambus-Extrakt 0,370 % (5,00 mg) Hirse-Extrakt | BM69: https://www.selectavet.de/fileadmin/selectavet/content/ordermanager/Keravita_2023-12.pdf
D70: =E70&""&F70&""&G70&""&H70 -> ErgänzungsfuttermittelKatzeVitamin-Spurenelement-Präparat | E70: Ergänzungsfuttermittel | F70: Katze | G70: Vitamin-Spurenelement-Präparat | L70: Legavit-Komplex | M70: =BF70 -> 16.5 | N70: =BG70 -> 5.7 | P70: =BI70 -> 7.7 | R70: =BK70 -> 0 | U70: =IF(S70="","",S70/T70) | X70: 60 | AA70: 0.4 | AF70: =AG70*$BO$13 -> 0 | AL70: =AK70*$BO$14 -> 0 | AR70: 18620 | BC70: Legavit-Komplex | BD70: Selectavet | BE70: Ergänzungsfuttermittel | BF70: 16.5 | BG70: 5.7 | BI70: 7.7 | BK70: 0 | BL70: Pflanzliche Nebenerzeugnisse (u.a. Mariendistelfrüchte, extrahiert 5,1 %) Milch und Molkereierzeugnisse Öle und Fette (pflanzlich) | BM70: https://www.selectavet.de/fileadmin/selectavet/content/ordermanager/6705_Legavit-Komplex-2024-03.pdf
D71: =E71&""&F71&""&G71&""&H71 -> ErgänzungsfuttermittelKatzeVitamin-Spurenelement-Präparat | E71: Ergänzungsfuttermittel | F71: Katze | G71: Vitamin-Spurenelement-Präparat | L71: Multivitasel | M71: =BF71 -> 31.1 | N71: =BG71 -> 20.3 | P71: =BI71 -> 3.8 | R71: =BK71 -> 4.9 | U71: =IF(S71="","",S71/T71) | Z71: 100 | AA71: 13 | AB71: 160 | AC71: 160 | AD71: 1500 | AE71: 900 | AF71: =AG71*$BO$13 -> 3600 | AG71: 12000 | AK71: 1600 | AL71: =AK71*$BO$14 -> 40 | AN71: 70 | AP71: 1 | AQ71: 1 | AR71: 80 | AS71: 250 | AT71: 30 | AV71: 500 | BA71: 26.98 | BB71: 10 | BC71: Multivitasel HK | BD71: Selectavet | BE71: Ergänzungsfuttermittel | BF71: 31.1 | BG71: 20.3 | BI71: 3.8 | BK71: 4.9 | BL71: Hefe (an Biertreber gebunden) Molkenpulver Dicalciumphosphat Natriumchlorid Weizenfuttermehl Calciumcarbonat Pflanzenöl (Sonnenblumenöl) | BM71: https://www.selectavet.de/fileadmin/selectavet/content/ordermanager/Multivitasel-HK_2019-10_20200211_104210.pdf
D72: =E72&""&F72&""&G72&""&H72 -> ErgänzungsfuttermittelKatzeVitamin-Spurenelement-Präparat | E72: Ergänzungsfuttermittel | F72: Katze | G72: Vitamin-Spurenelement-Präparat | L72: Synoquin EFA Katze | M72: =BF72 -> 6.3 | N72: =BG72 -> 30 | P72: =BI72 -> 4.6 | R72: =BK72 -> 0.1 | U72: =IF(S72="","",S72/T72) | X72: 1200 | AB72: 2110 | AF72: =AG72*$BO$13 -> 0 | AL72: =AK72*$BO$14 -> 0 | AW72: 3030 | BA72: 359.84 | BB72: 1.4 | BC72: Synoquin EFA Katze | BD72: VetPlus | BE72: Ergänzungsfuttermittel | BF72: 6.3 | BG72: 30 | BI72: 4.6 | BK72: 0.1 | BL72: Glucosamin HCL, Natrium-Chondroitin-Sulfat, Braunes Reismehl, Dexahan | BM72: https://www.vetplusglobal.com/de/products/synoquin-efa-cat/
D73: =E73&""&F73&""&G73&""&H73 -> ErgänzungsfuttermittelKatzeVitamin-Spurenelement-Präparat | E73: Ergänzungsfuttermittel | F73: Katze | G73: Vitamin-Spurenelement-Präparat | L73: Nutri-Cal | M73: =BF73 -> 0.3 | N73: =BG73 -> 0.51 | P73: =BI73 -> 27.5 | R73: =BK73 -> 5.2 | U73: =IF(S73="","",S73/T73) | Z73: 9.8 | AC73: 17 | AD73: 9800 | AF73: =AG73*$BO$13 -> 3900 | AG73: 13000 | AK73: 1050 | AL73: =AK73*$BO$14 -> 26.25 | AN73: 90 | AO73: 28 | AP73: 0.4 | AQ73: 14 | AR73: 33 | BA73: 134.4 | BB73: 6 | BC73: NutriCal | BD73: Dechra | BE73: Ergänzungsfuttermittel | BF73: 0.3 | BG73: 0.51 | BI73: 27.5 | BK73: 5.2 | BL73: Glukosesirup, Sojaöl, Malz, Fischöl, Zuckerrohrmelasse, Magnesiumsulfat-Heptahydrat. Enthält aus genetisch veränderten Organismen hergestellte Glukose und Sojaöl | BM73: https://www.selectavet.de/produkte/produkt-informationen/details/s/nutri-cal.html
D74: =E74&""&F74&""&G74&""&H74 -> ErgänzungsfuttermittelKatzeVitamin-Spurenelement-Präparat | E74: Ergänzungsfuttermittel | F74: Katze | G74: Vitamin-Spurenelement-Präparat | L74: VMP Paste | M74: =BF74 -> 12 | N74: =BG74 -> 15 | P74: =BI74 -> 56 | R74: =BK74 -> 1 | S74: 2400 | T74: 2000 | U74: =IF(S74="","",S74/T74) -> 1.2 | V74: 700 | X74: 800 | Z74: 240 | AA74: 1.8 | AB74: 85 | AC74: 3.8 | AF74: =AG74*$BO$13 -> 8400 | AG74: 28000 | AK74: 400 | AL74: =AK74*$BO$14 -> 10 | AN74: 100 | AO74: 20 | AP74: 20 | AQ74: 10 | AR74: 20 | AS74: 480 | AT74: 110 | AU74: 75 | AV74: 1000 | AZ74: 1000 | BA74: 295.8 | BC74: VMP Paste | BD74: Zoetis | BE74: Ergänzungsfuttermittel | BF74: 12 | BG74: 15 | BI74: 56 | BK74: 1 | BL74: Erdnussöl, Hefe/ Hefeextrakte, Dicalzium-Phosphat, Laktose, Magnesiumoxid, Fleisch- Erzeugnisse | BM74: https://www.shop-apotheke.at/tiergesundheit/D11283656/vmp-katzenpaste.htm
D75: =E75&""&F75&""&G75&""&H75 -> ErgänzungsfuttermittelKatzeVitamin-Spurenelement-Präparat | E75: Ergänzungsfuttermittel | F75: Katze | G75: Vitamin-Spurenelement-Präparat | L75: Complivit | M75: =BF75 -> 2.1 | N75: =BG75 -> 6.34 | P75: =BI75 -> 35.8 | R75: =BK75 -> 4.1 | S75: 3 | T75: 1 | U75: =IF(S75="","",S75/T75) -> 3 | V75: 9 | W75: 3.5 | Z75: 11 | AB75: 1 | AC75: 18 | AF75: =AG75*$BO$13 -> 6450 | AG75: 21500 | AK75: 961.5 | AL75: =AK75*$BO$14 -> 24.0375 | AN75: 110 | AO75: 45 | AP75: 3.5 | AQ75: 40 | AR75: 85 | AS75: 5000 | AT75: 86.5 | AU75: 42.5 | AV75: 4800 | AZ75: 600 | BA75: 166.67 | BB75: 5 | BC75: Complivit | BD75: Vetplus | BE75: Ergänzungsfuttermittel | BF75: 2.1 | BG75: 6.34 | BI75: 35.8 | BK75: 4.1 | BL75: Sojaöl, Glukose-Fruktose-Sirup, Wasser, Glycerin, Aroma, Lebertran, Inulin, Zitronensäure, Lecithin, Siliciumdioxid, Natriumchlorid. | BM75: https://www.medpets.at/vetplus-complivit
D76: =E76&""&F76&""&G76&""&H76 -> ErgänzungsfuttermittelKatzeVitamin-Spurenelement-Präparat | E76: Ergänzungsfuttermittel | F76: Katze | G76: Vitamin-Spurenelement-Präparat | L76: Almapharm Artiflex K | M76: =BF76 -> 17.2 | N76: =BG76 -> 25.9 | P76: =BI76 -> 7.1 | R76: =BK76 -> 7.4 | U76: =IF(S76="","",S76/T76) | AB76: 440 | AC76: 100 | AE76: 1700 | AF76: =AG76*$BO$13 -> 0 | AL76: =AK76*$BO$14 -> 0 | AN76: 3300 | BA76: 52.79 | BB76: 0.2 | BC76: Artiflex K | BD76: Almapharm | BE76: Ergänzungsfuttermittel | BF76: 17.2 | BG76: 25.9 | BI76: 7.1 | BK76: 7.4 | BL76: Glucosamin aus tierischem Gewebe (Schalentiere) 20 %, Methylsulphonylmethan (MSM) 12 %, Gelatine (Schwein) 12 %, Weichtiermehl (Grünlippmuschel) 11 %, Chondroitinsulfat (Huhn) 6 %, Dicalciumphosphat, Hyaluronsäure 2,5 %, Calciumstearat, Milcherzeugnisse und daraus gewonnene Erzeugnisse, Nebenprodukt aus der Verarbeitung von frischen Cantaloupe-Melonen 0,4 % | BM76: https://www.shop-apotheke.at/tiergesundheit/upmH2RHFE/almapharm-astorin-artiflex-k.htm?offerId=47096275&expa=gglp&expa=gglp&adword=google-mp-product/S-AT_MP_PMAX_All_Products//upmH2RHFE_2927&gclid=Cj0KCQjwsoe5BhDiARIsAOXVoUu01kBodJjlxUDh7VAZu4bHobrZp2jaCq_KMXSELpVjfNjHMpAPwG4aAirWEALw_wcB
D77: =E77&""&F77&""&G77&""&H77 -> ErgänzungsfuttermittelKatzeVitamin-Spurenelement-Präparat | E77: Ergänzungsfuttermittel | F77: Katze | G77: Vitamin-Spurenelement-Präparat | L77: Vetexpert Multivitamin | M77: =BF77 -> 6.4 | N77: =BG77 -> 3.57 | P77: =BI77 -> 84.01 | R77: =BK77 -> 0.7 | U77: =IF(S77="","",S77/T77) | Z77: 323 | AA77: 22 | AB77: 1078 | AC77: 86 | AF77: 800 | AG77: 2664 | AK77: 2400 | AL77: =AK77*$BO$14 -> 60 | AN77: 862 | AO77: 216 | AP77: 216 | AQ77: 216 | AS77: 4000 | AT77: 1078 | AV77: 22000 | BA77: 99.9 | BC77: Vetexpert Multivitamin | BD77: Vetexpert | BE77: Ergänzungsfuttermittel | BF77: 6.4 | BG77: 3.57 | BI77: 84.01 | BK77: 0.7 | BL77: 2.21.1 Rohlecithine, , 13.6.2 Glycerinmonostearat, 2.20.1 SonnenblumeÖl | BM77: https://www.vetexpert.pet/produkt/vetexpert-multivitamin-30-kapseln-twist-off/
D78: =E78&""&F78&""&G78&""&H78 -> ErgänzungsfuttermittelKatzeVitamin-Spurenelement-Präparat | E78: Ergänzungsfuttermittel | F78: Katze | G78: Vitamin-Spurenelement-Präparat | L78: Biotin-Komplex | M78: =BF78 -> 1.9 | N78: =BG78 -> 0.4 | P78: =BI78 -> 0.2 | R78: =BK78 -> 28.9 | U78: =IF(S78="","",S78/T78) | AA78: 62.5 | AB78: 625 | AF78: =AG78*$BO$13 -> 0 | AL78: =AK78*$BO$14 -> 0 | AO78: 12.5 | AP78: 31 | AQ78: 12.5 | AS78: 100000 | AT78: 125 | AU78: 125 | BA78: 144.56 | BC78: Biotin-Komplex | BD78: Vet-Concept | BE78: Ergänzungsfuttermittel | BF78: 1.9 | BG78: 0.4 | BI78: 0.2 | BK78: 28.9 | BL78: Dextrose, Lignocellulose, Anis* , * getrocknet | BM78: https://www.vet-concept.at/p/fuer-die-katze-biotin-komplex-160g
D79: =E79&""&F79&""&G79&""&H79 -> ErgänzungsfuttermittelKatzeVitamin-Spurenelement-Präparat | E79: Ergänzungsfuttermittel | F79: Katze | G79: Vitamin-Spurenelement-Präparat | L79: Vitality Cat | M79: =BF79 -> 2 | N79: =BG79 -> 5 | P79: =BI79 -> 2.9 | R79: =BK79 -> 62.2 | U79: =IF(S79="","",S79/T79) | Z79: 200 | AA79: 10 | AB79: 103 | AC79: 6 | AE79: 200 | AF79: =AG79*$BO$13 -> 12000 | AG79: 40000 | AK79: 2000 | AL79: =AK79*$BO$14 -> 50 | AN79: 100 | AO79: 50 | AP79: 50 | AQ79: 30 | AR79: 200 | AS79: 2000 | AT79: 500 | AV79: 5000 | AW79: 200 | AZ79: 3000 | BA79: 221.11 | BB79: 1 | BC79: Vitality Cat | BD79: 4-Beiner | BE79: Ergänzungsfuttermittel | BF79: 2 | BG79: 5 | BI79: 2.9 | BK79: 62.2 | BL79: mikrokristalline Cellulose, Omega-3 aus Alge, Taurin, konjugierte Linolsäure 15 mg, Eisen, Vitamin B3, Vitamin E, Vitamin C, Zink, Vitamin A, Vitamin B1, Vitamin B2, Kupfer, Vitamin B6, Vitamin B12, Vitamin D3, Mangan, Folsäure, Biotin, Selen | BM79: https://4-beiner.com/produkt/vitality-cat/
D80: =E80&""&F80&""&G80&""&H80 -> ErgänzungsfuttermittelKatzeVitamin-Spurenelement-Präparat | E80: Ergänzungsfuttermittel | F80: Katze | G80: Vitamin-Spurenelement-Präparat | L80: Beauty | M80: =BF80 -> 6.9 | N80: =BG80 -> 42.6 | P80: =BI80 -> 6.6 | R80: =BK80 -> 0.4 | U80: =IF(S80="","",S80/T80) | W80: 2 | AB80: 300 | AE80: 200 | AF80: =AG80*$BO$13 -> 0 | AL80: =AK80*$BO$14 -> 0 | AO80: 50 | AP80: 50 | AQ80: 30 | AR80: 200 | AS80: 2000 | AT80: 500 | AW80: 500 | BA80: 210 | BB80: 1 | BC80: Beauty | BD80: 4-Beiner | BE80: Ergänzungsfuttermittel | BF80: 6.9 | BG80: 42.6 | BI80: 6.6 | BK80: 0.4 | BL80: Bierhefe 86%, Omega 3 -Fettsäuren aus der Alge, Methyl Sulfonyl Methane (MSM), Mariendistel. | BM80: https://4-beiner.com/produkt/beauty-cat/
D81: =E81&""&F81&""&G81&""&H81 -> ErgänzungsfuttermittelKatzeVitamin-Spurenelement-Präparat | E81: Ergänzungsfuttermittel | F81: Katze | G81: Vitamin-Spurenelement-Präparat | L81: Virolysin Plus | M81: =BF81 -> 10.7 | N81: =BG81 -> 25.6 | P81: =BI81 -> 51.1 | R81: =BK81 -> 0.1 | U81: =IF(S81="","",S81/T81) | AB81: 300 | AF81: =AG81*$BO$13 -> 180000 | AG81: 600000 | AL81: =AK81*$BO$14 -> 0 | AN81: 1200 | AW81: 1200 | BA81: 999.3 | BB81: 3 | BC81: Virolysin Plus | BD81: Almapharm | BE81: Ergänzungsfuttermittel | BF81: 10.7 | BG81: 25.6 | BI81: 51.1 | BK81: 0.1 | BL81: Pflanzenöl, Hefenerzeugnisse 13,5 % (mit mind. 80 % 1,3/1,6 Beta-Glucanen), Eiprodukte getrocknet. | BM81: https://www.shop-apotheke.at/tiergesundheit/upm9LG4WU/almapharm-astorin-virolysin-plus-paste.htm?campaign=priceC/billiger/marketplace/upm9LG4WU/a21f27c26583432a81bd3b70558844fa&expa=bil&soluteclid=a21f27c26583432a81bd3b70558844fa
D82: =E82&""&F82&""&G82&""&H82 -> ErgänzungsfuttermittelKatzeVitamin-Spurenelement-Präparat | E82: Ergänzungsfuttermittel | F82: Katze | G82: Vitamin-Spurenelement-Präparat | L82: Virolysin Immu | M82: =BF82 -> 9.8 | N82: =BG82 -> 7.9 | P82: =BI82 -> 60.3 | R82: =BK82 -> 2.7 | U82: =IF(S82="","",S82/T82) | AB82: 250 | AF82: =AG82*$BO$13 -> 180000 | AG82: 600000 | AL82: =AK82*$BO$14 -> 0 | AN82: 1300 | AW82: 500 | BB82: 3 | BC82: Virolysin Immu | BD82: Almapharm | BE82: Ergänzungsfuttermittel | BF82: 9.8 | BG82: 7.9 | BI82: 60.3 | BK82: 2.7 | BL82: Pflanzenöl, Hefenerzeugnisse, Lachsöl, Eipulver, Süßholzwurzel-Pulver, Echinacea angustifolie radix, Algenöl | BM82: https://www.almapharm.de/produkt/virolysin-immu-30-g/
D83: =E83&""&F83&""&G83&""&H83 -> ErgänzungsfuttermittelKatzeVitamin-Spurenelement-Präparat | E83: Ergänzungsfuttermittel | F83: Katze | G83: Vitamin-Spurenelement-Präparat | L83: ViroLysin Pulver | M83: =BF83 -> 11 | N83: =BG83 -> 62.9 | P83: =BI83 -> 7.2 | R83: =BK83 -> 0.1 | U83: =IF(S83="","",S83/T83) | AB83: 360 | AF83: =AG83*$BO$13 -> 225000 | AG83: 750000 | AL83: =AK83*$BO$14 -> 0 | AN83: 1250 | AW83: 1250 | BA83: 233.63 | BB83: 2.4 | BC83: ViroLysin Pulver | BD83: Almapharm | BE83: Ergänzungsfuttermittel | BF83: 11 | BG83: 62.9 | BI83: 7.2 | BK83: 0.1 | BL83: Griebenmehl (Schwein), Hefenerzeugnisse, Traubenzucker, Eiprodukte getrocknet | BM83: https://www.shop-apotheke.at/tiergesundheit/upmD9PF2Y/almapharm-astorin-virolysin-plus-pulver.htm?campaign=affiliate/awin/176013/&expa=ads&subid=at.redbrain.shop&sv1=affiliate&sv_campaign_id=176013&awc=14339_1730458322_d9deae26f5ed438eef8841508bda8815
D84: =E84&""&F84&""&G84&""&H84 -> ErgänzungsfuttermittelKatzeVitamin-Spurenelement-Präparat | E84: Ergänzungsfuttermittel | F84: Katze | G84: Vitamin-Spurenelement-Präparat | L84: GingiVit | M84: =BF84 -> 11 | N84: =BG84 -> 17.9 | P84: =BI84 -> 6 | R84: =BK84 -> 8.3 | S84: 1600 | T84: 1400 | U84: =IF(S84="","",S84/T84) -> 1.1428571 | AB84: 750 | AE84: 1500 | AF84: 805 | AL84: =AK84*$BO$14 -> 0 | AN84: 2200 | AW84: 400 | BB84: 0.12 | BC84: GingiVit | BD84: Almapharm | BE84: Ergänzungsfuttermittel | BF84: 11 | BG84: 17.9 | BI84: 6 | BK84: 8.3 | BL84: Milcherzeugnisse und daraus gewonnene Erzeugnisse, Hefenerzeugnisse, Ananaskonzentrat, Dicalciumphosphat, Eiprodukte | BM84: https://www.almapharm.de/produkt/ginigvit-125-tabletten/
D85: =E85&""&F85&""&G85&""&H85 -> ErgänzungsfuttermittelKatzeVitamin-Spurenelement-Präparat | E85: Ergänzungsfuttermittel | F85: Katze | G85: Vitamin-Spurenelement-Präparat | L85: Hepato K | M85: =BF85 -> 13 | N85: =BG85 -> 23 | P85: =BI85 -> 18 | R85: =BK85 -> 0.6 | U85: =IF(S85="","",S85/T85) | AB85: 200 | AE85: 250 | AF85: =AG85*$BO$13 -> 0 | AL85: =AK85*$BO$14 -> 0 | AN85: 1250 | AQ85: 250 | AR85: 5000 | AT85: 5000 | AV85: 60000 | AW85: 1250 | AY85: 1500 | AZ85: 6000 | BA85: 29.9 | BB85: 4 | BC85: Hepato K | BD85: Almapharm | BE85: Ergänzungsfuttermittel | BF85: 13 | BG85: 23 | BI85: 18 | BK85: 0.6 | BL85: Milchpulver, Kartoffelstärke, Mariendistelfrüchte, Erzeugnis tierischen Ursprungs (Hühnerleber), Erzeugnis aus der Verarbeitung frischer Cantaloupe-Melone | BM85: https://www.almapharm.de/produkt/hepato-k-100-g/
D86: =E86&""&F86&""&G86&""&H86 -> ErgänzungsfuttermittelKatzeVitamin-Spurenelement-Präparat | E86: Ergänzungsfuttermittel | F86: Katze | G86: Vitamin-Spurenelement-Präparat | L86: Immustim K | M86: =BF86 -> 12.8 | N86: =BG86 -> 19.4 | P86: =BI86 -> 6.4 | R86: =BK86 -> 0.3 | U86: =IF(S86="","",S86/T86) | W86: 100 | X86: 400 | AB86: 1300 | AE86: 2000 | AF86: =AG86*$BO$13 -> 0 | AL86: =AK86*$BO$14 -> 0 | AN86: 3000 | BA86: 102.5 | BB86: 0.23 | BC86: Immustim K72 | BD86: Almapharm | BE86: Ergänzungsfuttermittel | BF86: 12.8 | BG86: 19.4 | BI86: 6.4 | BK86: 0.3 | BL86: Weizenmehl, Hefen(103/1,6-Beta-D-Glucane) 28,4%, Molkepulver, Calciumphosphat, Milch- und Molkereierzeugnisse, Öle und Fette, Glucose | BM86: https://www.shop-apotheke.at/tiergesundheit/upmF7E324/almapharm-astorin-immustim-k-preissenkung-mehr-inhalt.htm?offerId=47096264&expa=gglp&expa=gglp&adword=google-mp-product/S-AT_MP_PMAX_All_Products//upmF7E324_2927&gclid=CjwKCAjw-JG5BhBZEiwAt7JR6xhkzoPW0xD22sH-BtUXcchtcJIypyLSzVfHJ-7a2pjxsh5hgRwKURoC1-gQAvD_BwE
D87: =E87&""&F87&""&G87&""&H87 -> ErgänzungsfuttermittelKatzeVitamin-Spurenelement-Präparat | E87: Ergänzungsfuttermittel | F87: Katze | G87: Vitamin-Spurenelement-Präparat | L87: Naturkraft Pro 3 | M87: =BF87 -> 35 | N87: =BG87 -> 20 | P87: =BI87 -> 3.4 | R87: =BK87 -> 7 | S87: 8000 | T87: 1 | U87: =IF(S87="","",S87/T87) -> 8000 | X87: 1500 | AB87: 150 | AC87: 130 | AF87: =AG87*$BO$13 -> 0 | AL87: =AK87*$BO$14 -> 0 | AS87: 20000000 | BB87: 2 | BC87: Naturkraft Pro 3 | BD87: Reico | BE87: Ergänzungsfuttermittel | BF87: 35 | BG87: 20 | BI87: 3.4 | BK87: 7 | BL87: Kohlensaurer Algenkalk (Lithothamnium calcareum), Leinkuchen, Bierhefe, hydrolisiertes Kollagen, Natriumbicarbonat, Knoblauch (Alium sativum), Weissdornblätter gemahlen (Crataegus), Magnesiumchlorid, Mariendistelpresskuchen, Kurkuma (Curcuma longa), Kümmel, Kürbiskernkuchen, Schachtelhalmkrautpulver (Equisetum), Zimtrinde (Cinnamomum verum) Löwenzahnkraut (Taraxacum), Kamillenblüten (Matricaria chamomilla), Brennnessel (Urtica), Artischocke (Cynara cardunculus), Gänsefingerkraut (Potentilla anserina), Goldrutenkraut (Solidago), Begrannte Berberitze (Berberis aristata), Süßholzwurzel (Glycyrrhiza glabra), Teufelskralle (Herpagophytum radix), Enzianwurzel (Radix Gentianae) | BM87: https://reico-vital.com/de/tier/38-naturkraft-pro-3-eczepil-150-g.html
D88: =E88&""&F88&""&G88&""&H88 -> ErgänzungsfuttermittelKatzeVitamin-Spurenelement-Präparat | E88: Ergänzungsfuttermittel | F88: Katze | G88: Vitamin-Spurenelement-Präparat | L88: Hepax Forte Pulver | M88: =BF88 -> 23.6 | N88: =BG88 -> 13.1 | P88: =BI88 -> 12.8 | R88: =BK88 -> 1 | U88: =IF(S88="","",S88/T88) | X88: 150 | Z88: 33.6 | AA88: 0.64 | AB88: 340 | AF88: =AG88*$BO$13 -> 0 | AL88: =AK88*$BO$14 -> 0 | AN88: 1350 | AO88: 13.86 | AP88: 32 | AQ88: 25.74 | AR88: 600 | AV88: 9600 | BC88: Hepax Forte Pulver | BD88: Inuvet | BE88: Ergänzungsfuttermittel | BF88: 23.6 | BG88: 13.1 | BI88: 12.8 | BK88: 1 | BL88: Reishi gemahlen, Magnesiumoxid (17.000mg/kg) | BM88: https://inuvet.com/products/hepax-forte-pulver
D89: =E89&""&F89&""&G89&""&H89 -> ErgänzungsfuttermittelKatzeVitamin-Spurenelement-Präparat | E89: Ergänzungsfuttermittel | F89: Katze | G89: Vitamin-Spurenelement-Präparat | L89: Power | M89: =BF89 -> 12.9 | N89: =BG89 -> 7.1 | P89: =BI89 -> 1.4 | R89: =BK89 -> 3.5 | U89: =IF(S89="","",S89/T89) | AB89: 115.2 | AF89: =AG89*$BO$13 -> 0 | AL89: =AK89*$BO$14 -> 0 | AN89: 495 | AW89: 3700 | BC89: Power | BD89: Inuvet | BE89: Ergänzungsfuttermittel | BF89: 12.9 | BG89: 7.1 | BI89: 1.4 | BK89: 3.5 | BL89: Leonardit (Cellu-Ligno-Karbon-Isolat, Huminsäure-haltig), Shiitake gemahlen, Agaricus blazei Murrill gemahlen, Coriolus versicolor gemahlen | BM89: https://inuvet.com/products/power
D90: =E90&""&F90&""&G90&""&H90 -> ErgänzungsfuttermittelKatzeVitamin-Spurenelement-Präparat | E90: Ergänzungsfuttermittel | F90: Katze | G90: Vitamin-Spurenelement-Präparat | L90: Respirax | M90: =BF90 -> 3.4 | N90: =BG90 -> 29.7 | P90: =BI90 -> 0.3 | R90: =BK90 -> 0.5 | U90: =IF(S90="","",S90/T90) | AB90: 110 | AF90: =AG90*$BO$13 -> 0 | AL90: =AK90*$BO$14 -> 0 | AW90: 330 | BB90: 4 | BC90: Respirax | BD90: Inuvet | BE90: Ergänzungsfuttermittel | BF90: 3.4 | BG90: 29.7 | BI90: 0.3 | BK90: 0.5 | BL90: Glycerin, Spitzwegerich getrocknet & gemahlen, Chaga Pulver, Coriolus versicolor Pulver, Manuka Honig | BM90: https://inuvet.com/products/respirax-1
D91: =E91&""&F91&""&G91&""&H91 -> ErgänzungsfuttermittelKatzeVitamin-Spurenelement-Präparat | E91: Ergänzungsfuttermittel | F91: Katze | G91: Vitamin-Spurenelement-Präparat | L91: Vesicat Pulver | M91: =BF91 -> 3 | N91: =BG91 -> 14.6 | P91: =BI91 -> 0.5 | R91: =BK91 -> 3.2 | U91: =IF(S91="","",S91/T91) | AB91: 241.9 | AF91: =AG91*$BO$13 -> 0 | AL91: =AK91*$BO$14 -> 0 | AO91: 76.824 | AQ91: 33.363 | AR91: 145 | AV91: 6912 | AW91: 1936 | BC91: Vesicat Pulver | BD91: Inuvet | BE91: Ergänzungsfuttermittel | BF91: 3 | BG91: 14.6 | BI91: 0.5 | BK91: 3.2 | BL91: Polyporus umbellatus gemahlen, Coriolus versicolor gemahlen, N-Acetyl-D-Glucosamin, Goldrutenkraut getrocknet und gemahlen, D-Mannose (9,7%) | BM91: https://inuvet.com/products/vesicat-pulver
D92: =E92&""&F92&""&G92&""&H92 -> ErgänzungsfuttermittelKatzeVitamin-Spurenelement-Präparat | E92: Ergänzungsfuttermittel | F92: Katze | G92: Vitamin-Spurenelement-Präparat | L92: Immun Tonicum | M92: =BF92 -> 1.25 | N92: =BG92 -> 4.5 | P92: =BI92 -> 4.25 | R92: =BK92 -> 0.4 | S92: 200 | T92: 120 | U92: =IF(S92="","",S92/T92) -> 1.6666667 | W92: 200 | X92: 120 | Z92: 1.3 | AB92: 0.7 | AC92: 0.22 | AE92: 9 | AF92: =AG92*$BO$13 -> 93 | AG92: 310 | AK92: 90 | AL92: =AK92*$BO$14 -> 2.25 | AN92: 4 | AO92: 0.4 | AP92: 0.7 | AQ92: 1.5 | AR92: 6 | AS92: 9 | AY92: 40 | AZ92: 135 | BA92: 96.7 | BB92: 40 | BC92: Immun Tonicum | BD92: RECOACTIV | BE92: Ergänzungsfuttermittel | BF92: 1.25 | BG92: 4.5 | BI92: 4.25 | BK92: 0.4 | BL92: Trinkwasser, pflanzliche Nebenerzeugnisse, Fleisch und tierische Nebenerzeugnisse (Geflügelfleisch 2,0 %, Rindfleisch 1,8% und Geflügelleber 0,8%), Öle, Fette, Mineralstoffe, Hefen | BM92: https://www.recoactiv.de/products/recoactiv-immun-tonicum-katze?_gl=1*1w2pjas*_up*MQ..&gclid=Cj0KCQjw7Py4BhCbARIsAMMx-_K9ZLLmM4MstjEepyfWWtfjUsyIHbcjy1mHTh0X0EONRQb2XFYh5joaAsP6EALw_wcB
D93: =E93&""&F93&""&G93&""&H93 -> ErgänzungsfuttermittelKatzeVitamin-Spurenelement-Präparat | E93: Ergänzungsfuttermittel | F93: Katze | G93: Vitamin-Spurenelement-Präparat | L93: Nieren Tonicum | M93: =BF93 -> 1.3 | N93: =BG93 -> 5.5 | P93: =BI93 -> 6.25 | R93: =BK93 -> 0.4 | S93: 140 | T93: 90 | U93: =IF(S93="","",S93/T93) -> 1.5555556 | W93: 150 | X93: 50 | Z93: 1.2 | AB93: 0.73 | AC93: 0.2 | AE93: 9500 | AF93: =AG93*$BO$13 -> 96 | AG93: 320 | AK93: 90 | AL93: =AK93*$BO$14 -> 2.25 | AN93: 2.5 | AO93: 0.5 | AP93: 0.4 | AQ93: 1.5 | AR93: 6 | AS93: 9 | AY93: 30 | AZ93: 135 | BA93: 107.96 | BB93: 40 | BC93: Nieren Tonicum | BD93: RECOACTIV | BE93: Ergänzungsfuttermittel | BF93: 1.3 | BG93: 5.5 | BI93: 6.25 | BK93: 0.4 | BL93: Trinkwasser, pflanzliche Nebenerzeugnisse, Fleisch und tierische Nebenerzeugnisse (Geflügelfleisch 2%, Rindfleisch 1,8% und Geflügelleber 0,8%), Öle, Fette, Mineralstoffe, Hefen | BM93: https://www.recoactiv.de/products/recoactiv-nieren-tonicum?_gl=1*6ixbwt*_up*MQ..&gclid=Cj0KCQjw7Py4BhCbARIsAMMx-_K9ZLLmM4MstjEepyfWWtfjUsyIHbcjy1mHTh0X0EONRQb2XFYh5joaAsP6EALw_wcB
D94: =E94&""&F94&""&G94&""&H94 -> ErgänzungsfuttermittelKatzeVitamin-Spurenelement-Präparat | E94: Ergänzungsfuttermittel | F94: Katze | G94: Vitamin-Spurenelement-Präparat | L94: Renaltan Tonicum | M94: =BF94 -> 1.5 | N94: =BG94 -> 4.2 | P94: =BI94 -> 4.4 | R94: =BK94 -> 0.5 | S94: 2000 | T94: 100 | U94: =IF(S94="","",S94/T94) -> 20 | V94: 30 | W94: 150 | X94: 50 | Z94: 1.2 | AB94: 0.2 | AC94: 0.2 | AE94: 9 | AF94: =AG94*$BO$13 -> 96 | AG94: 320 | AK94: 90 | AL94: =AK94*$BO$14 -> 2.25 | AN94: 2.5 | AO94: 0.5 | AP94: 0.4 | AQ94: 1.5 | AR94: 6 | AS94: 9 | AY94: 30 | AZ94: 135 | BA94: 111.7 | BB94: 10 | BC94: Renaltan Tonicum | BD94: RECOACTIV | BE94: Ergänzungsfuttermittel | BF94: 1.5 | BG94: 4.2 | BI94: 4.4 | BK94: 0.5 | BL94: Trinkwasser, pflanzliche Nebenerzeugnisse, Fleisch und tierische Nebenerzeugnisse (Geflügelfleisch 2%, Rindfleisch 1,8% und Geflügelleber 0,8%), Öle, Fette, Mineralstoffe, Hefen | BM94: https://www.recoactiv.de/products/recoactiv-renaltan-tonicum?_gl=1*dcuznt*_up*MQ..&gclid=Cj0KCQjw7Py4BhCbARIsAMMx-_K9ZLLmM4MstjEepyfWWtfjUsyIHbcjy1mHTh0X0EONRQb2XFYh5joaAsP6EALw_wcB
D95: =E95&""&F95&""&G95&""&H95 -> ErgänzungsfuttermittelKatzeVitamin-Spurenelement-Präparat | E95: Ergänzungsfuttermittel | F95: Katze | G95: Vitamin-Spurenelement-Präparat | L95: Herz Tonicum | M95: =BF95 -> 1.25 | N95: =BG95 -> 4.3 | P95: =BI95 -> 4.2 | R95: =BK95 -> 0.75 | S95: 180 | T95: 120 | U95: =IF(S95="","",S95/T95) -> 1.5 | V95: 150 | X95: 80 | Z95: 2 | AB95: 0.65 | AC95: 0.24 | AE95: 9 | AF95: =AG95*$BO$13 -> 93 | AG95: 310 | AK95: 90 | AL95: =AK95*$BO$14 -> 2.25 | AN95: 4 | AO95: 0.5 | AP95: 0.4 | AQ95: 0.8 | AR95: 6 | AZ95: 5200 | BA95: 102.37 | BB95: 10 | BC95: Herz Tonicum | BD95: RECOACTIV | BE95: Ergänzungsfuttermittel | BF95: 1.25 | BG95: 4.3 | BI95: 4.2 | BK95: 0.75 | BL95: Trinkwasser, pflanzliche Nebenerzeugnisse (Weißdorn 1%), Fleisch- und tierische Nebenerzeugnisse (Geflügelfleisch 2 %, Rindfleisch 1,8 % und Geflügelleber 0,8 %), Öle, Fette, Mineralstoffe, Hefen | BM95: https://www.recoactiv.de/products/recoactiv-herz-tonicum-katze?_gl=1*atm3ls*_up*MQ..&gclid=Cj0KCQjw7Py4BhCbARIsAMMx-_K9ZLLmM4MstjEepyfWWtfjUsyIHbcjy1mHTh0X0EONRQb2XFYh5joaAsP6EALw_wcB
D96: =E96&""&F96&""&G96&""&H96 -> ErgänzungsfuttermittelKatzeVitamin-Spurenelement-Präparat | E96: Ergänzungsfuttermittel | F96: Katze | G96: Vitamin-Spurenelement-Präparat | L96: Allround | M96: =BF96 -> 0 | N96: =BG96 -> 0 | P96: =BI96 -> 0 | R96: =BK96 -> 0 | U96: =IF(S96="","",S96/T96) | V96: 1700 | X96: 1800 | Y96: 2500 | Z96: 80 | AA96: 30 | AB96: 250 | AC96: 20 | AD96: 5000 | AE96: 750 | AF96: =AG96*$BO$13 -> 7500 | AG96: 25000 | AK96: 3000 | AL96: =AK96*$BO$14 -> 75 | AN96: 180 | AO96: 18 | AP96: 30 | AQ96: 12 | AR96: 250 | AS96: 100 | AT96: 85 | AU96: 120 | AV96: 500 | BA96: 59.67 | BB96: 2.4 | BC96: Allround | BD96: Pahema | BE96: Ergänzungsfuttermittel | BL96: Cellulose, Natriumchlorid, Magnesiumoxid | BM96: https://www.pahema.com/basics/vitamine/allround.html
D97: =E97&""&F97&""&G97&""&H97 -> ErgänzungsfuttermittelKatzeVitamin-Spurenelement-Präparat | E97: Ergänzungsfuttermittel | F97: Katze | G97: Vitamin-Spurenelement-Präparat | L97: Feliconcept neo | M97: =BF97 -> 1.7 | N97: =BG97 -> 8.4 | P97: =BI97 -> 20 | R97: =BK97 -> 0.2 | U97: =IF(S97="","",S97/T97) | Z97: 40 | AB97: 6.825 | AC97: 16 | AD97: 341 | AF97: =AG97*$BO$13 -> 19500 | AG97: 65000 | AK97: 1600 | AL97: =AK97*$BO$14 -> 40 | AN97: 342.5 | AO97: 48 | AP97: 32 | AQ97: 24 | AS97: 51.14 | AT97: 96 | AU97: 60 | AV97: 4800 | AW97: 96 | AY97: 200 | AZ97: 500 | BA97: 188 | BB97: 1.2 | BC97: Feliconcept neo | BD97: Dechra | BE97: Ergänzungsfuttermittel | BF97: 1.7 | BG97: 8.4 | BI97: 20 | BK97: 0.2 | BL97: Rapsöl, Rinderprotein (getrocknet), Gelatinehydrolysat, Hyaluronsäure (0,2 %) | BM97: https://www.dechra.at/produkte/at/katze/futtermittel/feliconcept-neo
D98: =E98&""&F98&""&G98&""&H98 -> ErgänzungsfuttermittelKatzeVitamin-Spurenelement-Präparat | E98: Ergänzungsfuttermittel | F98: Katze | G98: Vitamin-Spurenelement-Präparat | L98: Apto Flex | M98: =BF98 -> 1.7 | N98: =BG98 -> 11.7 | P98: =BI98 -> 0.5 | R98: =BK98 -> 0.4 | U98: =IF(S98="","",S98/T98) | AC98: 1000 | AF98: =AG98*$BO$13 -> 0 | AL98: =AK98*$BO$14 -> 0 | AW98: 1000 | BA98: 55.98 | BB98: 3.75 | BC98: Apto Flex | BD98: Aptus | BE98: Ergänzungsfuttermittel | BF98: 1.7 | BG98: 11.7 | BI98: 0.5 | BK98: 0.4 | BL98: Kollagen 10,2% (davon Kollagen Typ II 0,2%), Glukosesirup, Sorbitol, Glucosamin HCl 3%, Hühnereiweiß, hydrolysiert 3%, Glycerin, Chondroitinsulfat 1,3%, Methylsulfonylmethan (MSM) 1%, Fischöl 0,4%, Karamellzucker, Hyaluronsäure 0,14% | BM98: https://www.medpets.at/aptus-apto-flex-losung
D99: =E99&""&F99&""&G99&""&H99 -> ErgänzungsfuttermittelKatzeVitamin-Spurenelement-Präparat | E99: Ergänzungsfuttermittel | F99: Katze | G99: Vitamin-Spurenelement-Präparat | L99: Biotin | M99: =BF99 -> 0.65 | N99: =BG99 -> 1.75 | P99: =BI99 -> 0 | R99: =BK99 -> 0 | U99: =IF(S99="","",S99/T99) | X99: 300 | AB99: 500 | AF99: =AG99*$BO$13 -> 0 | AL99: =AK99*$BO$14 -> 0 | AS99: 200000 | BA99: 63.96 | BB99: 3 | BC99: Biotin | BD99: Lilly's Bar | BE99: Ergänzungsfuttermittel | BF99: 0.65 | BG99: 1.75 | BK99: 0 | BL99: Biotin | BM99: https://www.lillysbar.de/epages/61181519.sf/de_AT/?ObjectPath=/Shops/61181519/Products/12032
D100: =E100&""&F100&""&G100&""&H100 -> ErgänzungsfuttermittelKatzeVitamin-Spurenelement-Präparat | E100: Ergänzungsfuttermittel | F100: Katze | G100: Vitamin-Spurenelement-Präparat | L100: Arthridonum K | M100: =BF100 -> 4.8 | N100: =BG100 -> 17.7 | P100: =BI100 -> 5.6 | R100: =BK100 -> 3.8 | U100: =IF(S100="","",S100/T100) | AB100: 0.04 | AF100: =AG100*$BO$13 -> 18 | AG100: 60 | AK100: 15 | AL100: =AK100*$BO$14 -> 0.375 | AN100: 4.02 | AW100: 10 | BA100: 115 | BB100: 1.25 | BC100: Arthridonum K für Hunde und Katzen | BD100: HeilKraft | BE100: Ergänzungsfuttermittel | BF100: 4.8 | BG100: 17.7 | BI100: 5.6 | BK100: 3.8 | BL100: Karottenpulver, Kokosnussmehl, Glucosamin, Chondroitinsulfat, Methyl-Sulfonyl-Methan (MSM) | BM100: https://www.narayana-verlag.at/Arthridonum-K-fuer-Hunde-und-Katzen-Heilkraft-Lebenskraft-Manufaktur-300-g/b30652
...

Sheet Einzelfuttermittel
M1: Ra | N1: Rp | O1: vRp | P1: Rfe | Q1: NfE | R1: Rfa | S1: Ca | T1: P | V1: Mg | W1: K | X1: Na | Y1: Cl | Z1: Fe | AA1: Cu | AB1: Zn | AC1: Mn | AD1: Jod | AE1: Selen | AG1: Vit. A | AI1: b-Carotinoide | AL1: Vit. D3 | AN1: Vit. E | AO1: Vit. B1 | AP1: Vit. B2 | AQ1: Vit. B6 | AR1: Vit. B12 | AS1: Biotin | AT1: Niacin | AU1: Pantothensäure | AV1: Folsäure | AW1: Vit C | AX1: Vit K | AY1: Cholin
D2: 1 | E2: 2 | F2: 3 | G2: 4 | H2: 5 | I2: 6 | J2: 7 | K2: 8 | L2: 9 | M2: 14 | N2: 15 | O2: 16 | P2: 17 | Q2: 18 | R2: 19 | S2: 64 | T2: 65 | V2: 66 | W2: 67 | X2: 68 | Y2: 69 | Z2: 70 | AA2: 71 | AB2: 72 | AC2: 73 | AD2: 74 | AE2: 75 | AF2: 76 | AG2: 77 | AH2: 78 | AI2: 79 | AJ2: 80 | AK2: 81 | AL2: 82 | AM2: 83 | AN2: 84 | AO2: 85 | AP2: 86 | AQ2: 87 | AR2: 88 | AS2: 89 | AT2: 90 | AU2: 91 | AV2: 92 | AW2: 93 | AX2: 94 | AY2: 95 | BA2: 96 | BC2: 97 | BD2: 98 | BE2: 99 | BF2: 100 | BG2: 101 | BH2: 102 | BI2: 103 | BJ2: 104 | BK2: 105 | BL2: 106
D3: Identifier | E3: Typ | F3: Spezies | G3: Kategorie | H3: Nummer fortlaufend in Kategorie | I3: Nummer fortlaufend | J3: Kategorie-Nummer | K3: Anfangsbuchstabe | L3: Futtermittel | M3: Ra [g]/[100g] | N3: Rp [g]/[100g] | O3: vRp [g]/[100g] | P3: Rfe [g]/[100g] | Q3: NfE [g]/[100g] | R3: Rfa [g]/[100g] | S3: Ca [mg]/[100g] | T3: P [mg]/[100g] | U3: Ca/P-Verhältnis | V3: Mg [mg]/[100g] | W3: K [mg]/[100g] | X3: Na [mg]/[100g] | Y3: Cl [mg]/[100g] | Z3: Fe [mg]/[100g] | AA3: Cu [mg]/[100g] | AB3: Zn [mg]/[100g] | AC3: Mn [mg]/[100g] | AD3: Jod [µg]/[100g] | AE3: Selen [µg]/[100g] | AF3: Vit. A [µg]/[100g] | AG3: Vit. A [IE]/[100g] | AH3: Retinoläquivalent [µg]/[100g] | AI3: b-Carotinoide [µg]/[100g] | AJ3: alle Carotinoide [µg]/[100g] | AK3: Vit. D3 [IE]/[100g] | AL3: Vit. D3 [µg]/[100g] | AM3: Vit E activity [mg]/[100g] | AN3: Vit. E (a-Tocopherol) [mg]/[100g] | AO3: Vit. B1 [mg]/[100g] | AP3: Vit. B2 [mg]/[100g] | AQ3: Vit. B6 [mg]/[100g] | AR3: Vit. B12 [µg]/[100g] | AS3: Biotin [µg]/[100g] | AT3: Niacin [mg]/[100g] | AU3: Pantothensäure [mg]/[100g] | AV3: Folsäure [µg]/[100g] | AW3: Vit C [mg]/[100g] | AX3: Vit K [mg]/[100g] | AY3: Cholin [mg]/[100g] | AZ3: Taurin [mg]/[100 g] | BA3: Preis (€) pro kg | BB3: Empfolene Dosierung (g pro Tag) | BC3: Name komplett | BD3: Marke | BE3: Produkt (bei Fertigfutter) | BF3: Ra [%TS] | BG3: Rp [%TS] | BI3: Rfe [%TS] | BJ3: NfE [%TS] | BK3: Rfa [%TS] | BL3: bei Fertigfutter: Zusammensetzung | BM3: Links
D4: =E4&""&F4&""&G4&""&H4 -> EinzelfuttermittelKatzeInnereien, TNPs, Schlachtabfälle und Tiermehle | E4: Einzelfuttermittel | F4: Katze | G4: Innereien, TNPs, Schlachtabfälle und Tiermehle | L4: Blutmehl | M4: =BF4 -> 0 | N4: =BG4 -> 92 | P4: =BI4 -> 0 | R4: =BK4 -> 0 | U4: =IF(S4="","",S4/T4) | Z4: 280 | BA4: 58 | BB4: 1.25 | BC4: Fortain | BD4: Fortan | BE4: Einzelfuttermittel | BG4: 92 | BL4: Hämoglobin vom Schwein | BM4: https://www.barf-kultur.de/Fortain
D5: =E5&""&F5&""&G5&""&H5 -> EinzelfuttermittelKatzeGemüse, Obst und Faserstoffe | E5: Einzelfuttermittel | F5: Katze | G5: Gemüse, Obst und Faserstoffe | L5: Pulvercellulose | M5: =BF5 -> 0 | N5: =BG5 -> 0 | P5: =BI5 -> 0 | R5: =BK5 -> 98.8 | U5: =IF(S5="","",S5/T5) | BA5: 12.38 | BB5: 0.75 | BC5: Futterzellulose | BD5: BARF Kultur | BE5: Einzelfuttermittel | BK5: 98.8 | BL5: 100 % Pulverzellulose | BM5: https://www.barf-kultur.de/Futterzellulose
D6: =E6&""&F6&""&G6&""&H6 -> EinzelfuttermittelKatzeInnereien, TNPs, Schlachtabfälle und Tiermehle | E6: Einzelfuttermittel | F6: Katze | G6: Innereien, TNPs, Schlachtabfälle und Tiermehle | L6: Blutmehl | M6: =BF6 -> 0 | N6: =BG6 -> 92 | P6: =BI6 -> 0 | R6: =BK6 -> 0 | U6: =IF(S6="","",S6/T6) | BA6: 27.6 | BB6: 1.2 | BC6: Rinderblutpulver | BD6: BARF Kultur | BE6: Einzelfuttermittel | BG6: 92 | BL6: Rinderblut (Vollblut vom Rind, getrocknet) | BM6: https://www.barf-kultur.de/Rinderblutpulver
D7: =E7&""&F7&""&G7&""&H7 -> EinzelfuttermittelKatzeFleisch-, Fisch- und Algenprodukte | E7: Einzelfuttermittel | F7: Katze | G7: Fleisch-, Fisch- und Algenprodukte | L7: Algenöl | M7: =BF7 -> 0 | N7: =BG7 -> 0 | P7: =BI7 -> 0 | R7: =BK7 -> 0 | U7: =IF(S7="","",S7/T7) | BA7: 754.55 | BC7: Algenöl Kapsel | BD7: BARF Kultur | BE7: Einzelfuttermittel | BL7: Öl aus der Mikroalge Schizochytrium sp., pflanzliche Kapselhülle (Glycerin, Maisstärke, Algen-Carrageen, Natriumcarbonat) | BM7: https://www.barf-kultur.de/Algenoel-Kapseln
D8: =E8&""&F8&""&G8&""&H8 -> EinzelfuttermittelKatzeGemüse, Obst und Faserstoffe | E8: Einzelfuttermittel | F8: Katze | G8: Gemüse, Obst und Faserstoffe | L8: Apfelessig | M8: =BF8 -> 0.8 | N8: =BG8 -> 0.4 | P8: =BI8 -> 0 | R8: =BK8 -> 0 | U8: =IF(S8="","",S8/T8) | BA8: 15.8 | BC8: Bio Apfelessig | BD8: BARF Kultur | BE8: Einzelfuttermittel | BF8: 0.8 | BG8: 0.4 | BI8: 0 | BK8: 0 | BL8: 100% Apfelessig, naturtrüb (mind. 5% Säure) | BM8: https://www.barf-kultur.de/Bio-Apfelessig
D9: =E9&""&F9&""&G9&""&H9 -> EinzelfuttermittelKatzeFleisch-, Fisch- und Algenprodukte | E9: Einzelfuttermittel | F9: Katze | G9: Fleisch-, Fisch- und Algenprodukte | L9: Lithothamnium | M9: =BF9 -> 0 | N9: =BG9 -> 0 | P9: =BI9 -> 0 | R9: =BK9 -> 0 | S9: 29600 | T9: 200 | U9: =IF(S9="","",S9/T9) -> 148 | BA9: 21 | BC9: Algenkalk | BD9: BARF Kultur | BE9: Einzelfuttermittel | BL9: 100% Algenkalk (Lithothamnium calcareum), pulverisiert | BM9: https://www.barf-kultur.de/Algenkalk
D10: =E10&""&F10&""&G10&""&H10 -> EinzelfuttermittelKatzeEi- und Milchprodukte | E10: Einzelfuttermittel | F10: Katze | G10: Ei- und Milchprodukte | L10: Eierschalen, getrocknet | M10: =BF10 -> 95.5 | N10: =BG10 -> 0 | P10: =BI10 -> 0 | R10: =BK10 -> 0 | S10: 38200 | T10: 100 | U10: =IF(S10="","",S10/T10) -> 382 | BA10: 34.4 | BC10: BIO Eierschalenpulver | BD10: BARF Kultur | BE10: Einzelfuttermittel | BF10: 95.5 | BL10: 100% Bio Eierschalen, gemahlen | BM10: https://www.barf-kultur.de/Bio-Eierschalenpulver
D11: =E11&""&F11&""&G11&""&H11 -> EinzelfuttermittelKatzeMineralstoffe | E11: Einzelfuttermittel | F11: Katze | G11: Mineralstoffe | L11: Dicalciumphosphat | M11: =BF11 -> 0 | N11: =BG11 -> 0 | P11: =BI11 -> 0 | R11: =BK11 -> 0 | S11: 29000 | T11: 22000 | U11: =IF(S11="","",S11/T11) -> 1.3181818 | Y11: 90 | BA11: 36.25 | BC11: Dicalciumphosphat | BD11: BARF Kultur | BE11: Einzelfuttermittel | BL11: 100% Dicalciumphosphat, pulverisiert | BM11: https://www.barf-kultur.de/Dicalciumphosphat
D12: =E12&""&F12&""&G12&""&H12 -> EinzelfuttermittelKatzeFleisch-, Fisch- und Algenprodukte | E12: Einzelfuttermittel | F12: Katze | G12: Fleisch-, Fisch- und Algenprodukte | L12: Algen, getrocknet | M12: =BF12 -> 5.2 | N12: =BG12 -> 63 | P12: =BI12 -> 10.1 | R12: =BK12 -> 0 | U12: =IF(S12="","",S12/T12) | BA12: 106 | BB12: 1 | BC12: Bio Chlorella | BD12: BARF Kultur | BE12: Einzelfuttermittel | BF12: 5.2 | BG12: 63 | BI12: 10.1 | BL12: 100 % Chlorella vulgaris | BM12: https://www.barf-kultur.de/Bio-Chlorella
D13: =E13&""&F13&""&G13&""&H13 -> EinzelfuttermittelKatzeGemüse, Obst und Faserstoffe | E13: Einzelfuttermittel | F13: Katze | G13: Gemüse, Obst und Faserstoffe | L13: Cranberrypulver | M13: =BF13 -> 0 | N13: =BG13 -> 0 | P13: =BI13 -> 11.9 | R13: =BK13 -> 14.2 | U13: =IF(S13="","",S13/T13) | BA13: 149 | BB13: 1.5 | BC13: Bio Cranberrypulver | BD13: BARF Kultur | BE13: Einzelfuttermittel | BI13: 11.9 | BK13: 14.2 | BL13: 100 % Bio Cranberrys, gefriergetrocknet und gemahlen | BM13: https://www.barf-kultur.de/Bio-Cranberrypulver
D14: =E14&""&F14&""&G14&""&H14 -> EinzelfuttermittelKatzeGemüse, Obst und Faserstoffe | E14: Einzelfuttermittel | F14: Katze | G14: Gemüse, Obst und Faserstoffe | L14: Hagebuttenpulver | M14: =BF14 -> 0 | N14: =BG14 -> 8.7 | P14: =BI14 -> 0.8 | R14: =BK14 -> 4.6 | U14: =IF(S14="","",S14/T14) | BA14: 37.33 | BC14: Bio Hagebuttenschalen | BD14: BARF Kultur | BE14: Einzelfuttermittel | BG14: 8.7 | BI14: 0.8 | BK14: 4.6 | BL14: 100% Bio Rosa canina, pulverisiert | BM14: https://www.barf-kultur.de/Bio-Hagebuttenschalen
D15: =E15&""&F15&""&G15&""&H15 -> EinzelfuttermittelKatzeFleisch-, Fisch- und Algenprodukte | E15: Einzelfuttermittel | F15: Katze | G15: Fleisch-, Fisch- und Algenprodukte | L15: Seealgenmehl | M15: =BF15 -> 19 | N15: =BG15 -> 9.6 | P15: =BI15 -> 3.1 | R15: =BK15 -> 4.6 | U15: =IF(S15="","",S15/T15) | AD15: 73100 | BA15: 16.75 | BC15: Bio Seealgenmehl | BD15: BARF Kultur | BE15: Einzelfuttermittel | BF15: 19 | BG15: 9.6 | BI15: 3.1 | BK15: 4.6 | BL15: 100% Bio Ascophyllum Nodosum | BM15: https://www.barf-kultur.de/Bio-Seealgenmehl
D16: =E16&""&F16&""&G16&""&H16 -> EinzelfuttermittelKatzeFleisch-, Fisch- und Algenprodukte | E16: Einzelfuttermittel | F16: Katze | G16: Fleisch-, Fisch- und Algenprodukte | L16: Algen, getrocknet | M16: =BF16 -> 9.8 | N16: =BG16 -> 69.8 | P16: =BI16 -> 5.7 | R16: =BK16 -> 0.3 | U16: =IF(S16="","",S16/T16) | BA16: 71.6 | BB16: 1 | BC16: Bio Spirulina | BD16: BARF Kultur | BE16: Einzelfuttermittel | BF16: 9.8 | BG16: 69.8 | BI16: 5.7 | BK16: 0.3 | BL16: 100% Bio Spirulina platensis | BM16: https://www.barf-kultur.de/Bio-Spirulina
D17: =E17&""&F17&""&G17&""&H17 -> EinzelfuttermittelKatzeFleisch-, Fisch- und Algenprodukte | E17: Einzelfuttermittel | F17: Katze | G17: Fleisch-, Fisch- und Algenprodukte | L17: Algen, getrocknet | M17: =BF17 -> 6.7 | N17: =BG17 -> 65.9 | P17: =BI17 -> 6.6 | R17: =BK17 -> 0 | U17: =IF(S17="","",S17/T17) | BA17: 72.67 | BC17: Spirulina Tabs | BD17: BARF Kultur | BE17: Einzelfuttermittel | BF17: 6.7 | BG17: 65.9 | BI17: 6.6 | BL17: 100% Spirulina platensis, gepresst zu Tabletten | BM17: https://www.barf-kultur.de/Bio-Spirulina-Tabs
D18: =E18&""&F18&""&G18&""&H18 -> EinzelfuttermittelKatzeGemüse, Obst und Faserstoffe | E18: Einzelfuttermittel | F18: Katze | G18: Gemüse, Obst und Faserstoffe | L18: Hefen, inaktiviert | M18: =BF18 -> 8 | N18: =BG18 -> 46 | P18: =BI18 -> 2.7 | R18: =BK18 -> 1 | S18: 200 | T18: 1400 | U18: =IF(S18="","",S18/T18) -> 0.14285714 | V18: 200 | X18: 200 | Z18: 48 | AA18: 6 | AB18: 10 | AC18: 5 | AO18: 12.5 | AP18: 4.5 | AQ18: 4.5 | AS18: 85 | AV18: 1800 | BA18: 19 | BB18: 1 | BC18: Bierhefe | BD18: BARF Kultur | BE18: Einzelfuttermittel | BF18: 8 | BG18: 46 | BI18: 2.7 | BK18: 1 | BL18: 100% Saccharomyces cerevisiae, pulverisiert | BM18: https://www.barf-kultur.de/Bierhefe
D19: =E19&""&F19&""&G19&""&H19 -> EinzelfuttermittelKatzeGemüse, Obst und Faserstoffe | E19: Einzelfuttermittel | F19: Katze | G19: Gemüse, Obst und Faserstoffe | L19: Blüten, getrocknet | M19: =BF19 -> 0 | N19: =BG19 -> 0 | P19: =BI19 -> 0 | R19: =BK19 -> 0 | U19: =IF(S19="","",S19/T19) | BA19: 66 | BC19: Bio Blütenpollen | BD19: BARF Kultur | BE19: Einzelfuttermittel | BL19: 100% Bio Blütenpollen (Granulat) | BM19: https://www.barf-kultur.de/Bio-Bluetenpollen
D20: =E20&""&F20&""&G20&""&H20 -> EinzelfuttermittelKatzeGetreide, Samen, Leguminosen und Kartoffel-Produkte | E20: Einzelfuttermittel | F20: Katze | G20: Getreide, Samen, Leguminosen und Kartoffel-Produkte | L20: Buchweizenschälkleie | M20: =BF20 -> 1.6 | N20: =BG20 -> 14.5 | P20: =BI20 -> 3.3 | R20: =BK20 -> 1 | U20: =IF(S20="","",S20/T20) | AO20: 202 | AP20: 295 | AQ20: 190 | AR20: 463 | AS20: 11900 | AT20: 3600 | AU20: 1210 | AV20: 41561 | BA20: 263 | BB20: 0.25 | BC20: Buchweizenkeimpulver | BD20: BARF Kultur | BE20: Einzelfuttermittel | BF20: 1.6 | BG20: 14.5 | BI20: 3.3 | BK20: 1 | BL20: 100 % Buchweizenkeimpulver | BM20: https://www.barf-kultur.de/Buchweizenkeimpulver
D21: =E21&""&F21&""&G21&""&H21 -> EinzelfuttermittelKatzeFleisch-, Fisch- und Algenprodukte | E21: Einzelfuttermittel | F21: Katze | G21: Fleisch-, Fisch- und Algenprodukte | L21: Algen, getrocknet | M21: =BF21 -> 25 | N21: =BG21 -> 7.2 | P21: =BI21 -> 2.6 | R21: =BK21 -> 0 | U21: =IF(S21="","",S21/T21) | AD21: 80000 | AF21: =AG21*EFM!$BO$13 -> 0 | AL21: =AK21*EFM!$BO$14 -> 0 | BA21: 297.33 | BB21: 0.5 | BC21: DentaKomplex | BD21: VetConcept | BE21: Einzelfuttermittel | BF21: 25 | BG21: 7.2 | BI21: 2.6 | BL21: Naturreine Meeresalgen* , * getrocknet | BM21: https://www.vet-concept.at/p/fuer-die-katze-denta-komplex-60g-1
D22: =E22&""&F22&""&G22&""&H22 -> EinzelfuttermittelKatzeEi- und Milchprodukte | E22: Einzelfuttermittel | F22: Katze | G22: Ei- und Milchprodukte | L22: Eierschalen, getrocknet | M22: =BF22 -> 96 | N22: =BG22 -> 0 | P22: =BI22 -> 0 | R22: =BK22 -> 0 | S22: 37100 | T22: 1 | U22: =IF(S22="","",S22/T22) -> 37100 | AF22: =AG22*EFM!$BO$13 -> 0 | AL22: =AK22*EFM!$BO$14 -> 0 | BA22: 79.96 | BB22: 0.3 | BC22: Gemahlene Eierschalen | BD22: AniForte | BE22: Einzelfuttermittel | BF22: 96 | BL22: Eierschalen Pulver (37,1 % Calcium) | BM22: https://www.aniforte.de/products/eierschalen-pulver
D23: =E23&""&F23&""&G23&""&H23 -> EinzelfuttermittelKatzeGemüse, Obst und Faserstoffe | E23: Einzelfuttermittel | F23: Katze | G23: Gemüse, Obst und Faserstoffe | L23: Teufelskrallenwurzel, gemahlen | M23: =BF23 -> 5.5 | N23: =BG23 -> 3.67 | P23: =BI23 -> 0.5 | R23: =BK23 -> 5.1 | U23: =IF(S23="","",S23/T23) | BA23: 47.98 | BB23: 0.5 | BC23: Afrikanische Teufelskralle | BD23: AniForte | BE23: Einzelfuttermittel | BF23: 5.5 | BG23: 3.67 | BI23: 0.5 | BK23: 5.1 | BL23: Teufelskrallenwurzel gemahlen (1,3 % Harpagosid) | BM23: https://www.aniforte.de/products/afrikanische-teufelskralle
D24: =E24&""&F24&""&G24&""&H24 -> EinzelfuttermittelKatzeFleisch-, Fisch- und Algenprodukte | E24: Einzelfuttermittel | F24: Katze | G24: Fleisch-, Fisch- und Algenprodukte | L24: Weichtiermehl | M24: =BF24 -> 0 | N24: =BG24 -> 57.5 | P24: =BI24 -> 9.9 | R24: =BK24 -> 0 | U24: =IF(S24="","",S24/T24) | BA24: 133.27 | BB24: 1.5 | BC24: Canina Velox Gelenkenergie | BD24: Canina | BE24: Einzelfuttermittel | BG24: 57.5 | BI24: 9.9 | BL24: 100% Grünlipp-Muschelfleischmehl (Perna canaliculus) | BM24: https://www.fressnapf.at/p/canina-velox-gelenkenergie-150-g-1063316/
D25: =E25&""&F25&""&G25&""&H25 -> EinzelfuttermittelKatzeFleisch-, Fisch- und Algenprodukte | E25: Einzelfuttermittel | F25: Katze | G25: Fleisch-, Fisch- und Algenprodukte | L25: Seealgenmehl | M25: =BF25 -> 19.7 | N25: =BG25 -> 0 | P25: =BI25 -> 0 | R25: =BK25 -> 0 | U25: =IF(S25="","",S25/T25) | BA25: 20.65 | BB25: 3.5 | BC25: Canina Seealgenmehl | BD25: Canina | BE25: Einzelfuttermittel | BF25: 19.7 | BL25: Seealgen (Ascophyllum nodosum) | BM25: https://www.fressnapf.at/p/canina-seealgenmehl-750-g-1072170/?isSearchPage=canina
D26: =E26&""&F26&""&G26&""&H26 -> EinzelfuttermittelKatzeMineralstoffe | E26: Einzelfuttermittel | F26: Katze | G26: Mineralstoffe | L26: Torf | M26: =BF26 -> 0.4 | N26: =BG26 -> 0 | P26: =BI26 -> 0 | R26: =BK26 -> 2.4 | U26: =IF(S26="","",S26/T26) | BA26: 53.96 | BB26: 2.5 | BC26: Canina Moortränke | BD26: Canina | BE26: Einzelfuttermittel | BF26: 0.4 | BK26: 2.4 | BL26: naturbelassenes Moorwasser | BM26: https://www.fressnapf.at/p/canina-moortraenke-250ml-1264166/?isSearchPage=canina
D27: =E27&""&F27&""&G27&""&H27 -> EinzelfuttermittelKatzeEi- und Milchprodukte | E27: Einzelfuttermittel | F27: Katze | G27: Ei- und Milchprodukte | L27: Eierschalen, getrocknet | M27: =BF27 -> 96 | N27: =BG27 -> 0 | P27: =BI27 -> 0 | R27: =BK27 -> 0 | S27: 37000 | T27: 100 | U27: =IF(S27="","",S27/T27) -> 370 | BA27: 29.96 | BB27: 1.2 | BC27: Canina Eierschalenpulver | BD27: Canina | BE27: Einzelfuttermittel | BF27: 96 | BL27: 100 % Eierschale, gemahlen | BM27: https://canina.de/products/120208-eierschalenpulver?cat_id=27
D28: =E28&""&F28&""&G28&""&H28 -> EinzelfuttermittelKatzeGemüse, Obst und Faserstoffe | E28: Einzelfuttermittel | F28: Katze | G28: Gemüse, Obst und Faserstoffe | L28: Pulvercecllulose | M28: =BF28 -> 22 | N28: =BG28 -> 0 | P28: =BI28 -> 0 | R28: =BK28 -> 80 | U28: =IF(S28="","",S28/T28) | BA28: 34.98 | BB28: 4 | BC28: Canina Cellulosepulver | BD28: Canina | BE28: Einzelfuttermittel | BF28: 22 | BK28: 80 | BL28: Cellulose Pulver, 100% | BM28: https://canina.de/products/129003-cellulose-pulver?cat_id=21
D29: =E29&""&F29&""&G29&""&H29 -> EinzelfuttermittelKatzeInnereien, TNPs, Schlachtabfälle und Tiermehle | E29: Einzelfuttermittel | F29: Katze | G29: Innereien, TNPs, Schlachtabfälle und Tiermehle | L29: Blutmehl | M29: =BF29 -> 0 | N29: =BG29 -> 92 | P29: =BI29 -> 0 | R29: =BK29 -> 0 | U29: =IF(S29="","",S29/T29) | Z29: 250 | BA29: 31.96 | BB29: 1.2 | BC29: Canina Rinderblutpulver | BD29: Canina | BE29: Einzelfuttermittel | BG29: 92 | BL29: Bluterzeugnisse (getrocknetes Vollblut vom Rind) | BM29: https://canina.de/products/792016-rinderblutpulver?cat_id=27
D30: =E30&""&F30&""&G30&""&H30 -> EinzelfuttermittelKatzeFleisch-, Fisch- und Algenprodukte | E30: Einzelfuttermittel | F30: Katze | G30: Fleisch-, Fisch- und Algenprodukte | L30: Lithothamnium | M30: =BF30 -> 93.5 | N30: =BG30 -> 0.5 | P30: =BI30 -> 0.5 | R30: =BK30 -> 1 | S30: 3400 | T30: 40 | U30: =IF(S30="","",S30/T30) -> 85 | V30: 2340 | W30: 40 | X30: 730 | AD30: 2000 | BA30: 63.92 | BB30: 0.8 | BC30: Canina Algenkalk | BD30: Canina | BE30: Einzelfuttermittel | BF30: 93.5 | BG30: 0.5 | BI30: 0.5 | BK30: 1 | BL30: 100 % Kalkalge (Lithothamnium calcareum) | BM30: https://canina.de/products/100903-algenkalk?cat_id=23
D31: =E31&""&F31&""&G31&""&H31 -> EinzelfuttermittelKatzeGemüse, Obst und Faserstoffe | E31: Einzelfuttermittel | F31: Katze | G31: Gemüse, Obst und Faserstoffe | L31: Hefen, inaktiviert | M31: =BF31 -> 0 | N31: =BG31 -> 38.7 | P31: =BI31 -> 0 | R31: =BK31 -> 0 | U31: =IF(S31="","",S31/T31) | BA31: 112.6 | BC31: Bierhefe Tabs | BD31: Annimally | BE31: Einzelfuttermittel | BG31: 38.7 | BL31: 100 % Hefe (inaktivierte Saccharomyces cerevisiae) | BM31: https://www.annimally.at/products/bierhefe-hund-katze-kleintier?_gl=1*19rgle9*_up*MQ..&gclid=Cj0KCQjwo8S3BhDeARIsAFRmkOOkVlIfv6XQGMfHY9rb7s7ecTJjkN20Gmvh4Y3s66WGsIlr4ZT4mcsaAnwnEALw_wcB
D32: =E32&""&F32&""&G32&""&H32 -> EinzelfuttermittelKatzeFleisch-, Fisch- und Algenprodukte | E32: Einzelfuttermittel | F32: Katze | G32: Fleisch-, Fisch- und Algenprodukte | L32: Seealgenmehl | M32: =BF32 -> 17 | N32: =BG32 -> 6 | P32: =BI32 -> 0 | R32: =BK32 -> 6 | U32: =IF(S32="","",S32/T32) | BA32: 498.7 | BB32: 0.5 | BC32: PlaqueOff Pulver | BD32: ProDen | BE32: Einzelfuttermittel | BF32: 17 | BG32: 6 | BK32: 6 | BL32: 100% Seealgenmehl (Ascophyllum Nodosum) | BM32: https://www.drsam.de/produktseite/plaqueoff-pulver
D33: =E33&""&F33&""&G33&""&H33 -> EinzelfuttermittelKatzeFleisch-, Fisch- und Algenprodukte | E33: Einzelfuttermittel | F33: Katze | G33: Fleisch-, Fisch- und Algenprodukte | L33: Weichtiermehl | M33: =BF33 -> 0 | N33: =BG33 -> 61.1 | P33: =BI33 -> 11.5 | R33: =BK33 -> 0 | U33: =IF(S33="","",S33/T33) | BA33: 134.2 | BB33: 0.5 | BC33: Grünlippmuschelpulver | BD33: napfcheck | BE33: Einzelfuttermittel | BG33: 61.1 | BI33: 11.5 | BL33: 100% Muschelkonzentrat (neuseeländische Grünlippmuschel Perna canaliculus) | BM33: https://www.napfcheck-shop.at/produkt/napfcheck-gruenlippmuschel-fuer-hunde-und-katzen/
D34: =E34&""&F34&""&G34&""&H34 -> EinzelfuttermittelKatzeEi- und Milchprodukte | E34: Einzelfuttermittel | F34: Katze | G34: Ei- und Milchprodukte | L34: Eierschalen, getrocknet | M34: =BF34 -> 92.8 | N34: =BG34 -> 0 | P34: =BI34 -> 0 | R34: =BK34 -> 0 | S34: 35700 | T34: 100 | U34: =IF(S34="","",S34/T34) -> 357 | BA34: 27.8 | BB34: 0.5 | BC34: Eierschalenpulver - Hunde und Katzen | BD34: napfcheck | BE34: Einzelfuttermittel | BF34: 92.8 | BL34: 100 % Eierschale, gemahlen | BM34: https://www.napfcheck-shop.at/produkt/napfcheck-eierschalenpulver-fuer-hunde-und-katzen/
D35: =E35&""&F35&""&G35&""&H35 -> EinzelfuttermittelKatzeGemüse, Obst und Faserstoffe | E35: Einzelfuttermittel | F35: Katze | G35: Gemüse, Obst und Faserstoffe | L35: Cranberrypulver | M35: =BF35 -> 0 | N35: =BG35 -> 0 | P35: =BI35 -> 0 | R35: =BK35 -> 20.5 | U35: =IF(S35="","",S35/T35) | BA35: 59.5 | BB35: 1.5 | BC35: Cranberryfaser - Hunde und Katzen | BD35: napfcheck | BE35: Einzelfuttermittel | BK35: 20.5 | BL35: 100 % Cranberryfaser | BM35: https://www.napfcheck-shop.at/produkt/napfcheck-cranberryfaser-fuer-hunde-und-katzen/
D36: =E36&""&F36&""&G36&""&H36 -> EinzelfuttermittelKatzeFleisch-, Fisch- und Algenprodukte | E36: Einzelfuttermittel | F36: Katze | G36: Fleisch-, Fisch- und Algenprodukte | L36: Seealgenmehl | M36: =BF36 -> 11.2 | N36: =BG36 -> 0 | P36: =BI36 -> 0 | R36: =BK36 -> 0 | U36: =IF(S36="","",S36/T36) | AD36: 77000 | BA36: 44.5 | BB36: 0.15 | BC36: Seealgenmehl - Hunde und Katzen | BD36: napfcheck | BE36: Einzelfuttermittel | BF36: 11.2 | BL36: 100 % Bio Seealgenmehl (Ascophyllum nodosum) | BM36: https://www.napfcheck-shop.at/produkt/napfcheck-seealgenmehl-fuer-hunde-und-katzen/
D37: =E37&""&F37&""&G37&""&H37 -> EinzelfuttermittelKatzeFleisch-, Fisch- und Algenprodukte | E37: Einzelfuttermittel | F37: Katze | G37: Fleisch-, Fisch- und Algenprodukte | L37: Algen, getrocknet | M37: =BF37 -> 8.4 | N37: =BG37 -> 23.5 | P37: =BI37 -> 39.1 | R37: =BK37 -> 0 | U37: =IF(S37="","",S37/T37) | BA37: 127.6 | BB37: 0.08 | BC37: DHA Algenpulver - für Hunde und Katzen | BD37: napfcheck | BE37: Einzelfuttermittel | BF37: 8.4 | BG37: 23.5 | BI37: 39.1 | BK37: 0 | BL37: 100% Mikroalgenpulver (Schizochytrium sp.) | BM37: https://www.napfcheck-shop.at/produkt/napfcheck-dha-algenpulver-fuer-hunde-und-katzen/
D38: =E38&""&F38&""&G38&""&H38 -> EinzelfuttermittelKatzeGemüse, Obst und Faserstoffe | E38: Einzelfuttermittel | F38: Katze | G38: Gemüse, Obst und Faserstoffe | L38: Pulvercecllulose | M38: =BF38 -> 0 | N38: =BG38 -> 0 | P38: =BI38 -> 0 | R38: =BK38 -> 0 | U38: =IF(S38="","",S38/T38) | BA38: 19.45 | BB38: 3 | BC38: Futterzellulose - Hunde und Katzen | BD38: napfcheck | BE38: Einzelfuttermittel | BL38: 100% Pulverzellulose | BM38: https://www.napfcheck-shop.at/produkt/napfcheck-futterzellulose-fuer-hunde-katzen/
D39: =E39&""&F39&""&G39&""&H39 -> EinzelfuttermittelKatzeGetreide, Samen, Leguminosen und Kartoffel-Produkte | E39: Einzelfuttermittel | F39: Katze | G39: Getreide, Samen, Leguminosen und Kartoffel-Produkte | L39: Spitzwegerich-Saat | M39: =BF39 -> 0 | N39: =BG39 -> 0 | P39: =BI39 -> 0 | R39: =BK39 -> 90 | U39: =IF(S39="","",S39/T39) | BA39: 43 | BB39: 3 | BC39: Flohsamenschalen gemahlen | BD39: napfcheck | BE39: Einzelfuttermittel | BK39: 90 | BL39: 100% Flohsamenschalen, gemahlen | BM39: https://www.napfcheck-shop.at/produkt/napfcheck-flohsamenschalen-gemahlen-fuer-hunde-und-katzen/
A40: Fische und Algen | D40: =E40&""&F40&""&G40&""&H40 -> EinzelfuttermittelKatzeFleisch-, Fisch- und Algenprodukte | E40: Einzelfuttermittel | F40: Katze | G40: Fleisch-, Fisch- und Algenprodukte | L40: Weichtiermehl | M40: =BF40 -> 14.1 | N40: =BG40 -> 52 | P40: =BI40 -> 2.3 | R40: =BK40 -> 0 | U40: =IF(S40="","",S40/T40) | BA40: 102.4 | BB40: 2 | BC40: Grünlippmuschelpulver | BD40: Grau | BE40: Einzelfuttermittel | BF40: 14.1 | BG40: 52 | BI40: 2.3 | BL40: Muschelpulver (100 %, Perna canaliculus) | BM40: https://www.grau-generationpet.de/00001184/gruenlippmuschel-pulver
D41: =E41&""&F41&""&G41&""&H41 -> EinzelfuttermittelKatzeFleisch-, Fisch- und Algenprodukte | E41: Einzelfuttermittel | F41: Katze | G41: Fleisch-, Fisch- und Algenprodukte | L41: Weichtiermehl | M41: =BF41 -> 6.9 | N41: =BG41 -> 66 | P41: =BI41 -> 8 | R41: =BK41 -> 0.5 | U41: =IF(S41="","",S41/T41) | BA41: 79.99 | BB41: 0.5 | BC41: Grünlippmuschelpulver | BD41: Ani-Forte | BE41: Einzelfuttermittel | BF41: 6.9 | BG41: 66 | BI41: 8 | BK41: 0.5 | BL41: Grünlippmuschel Pulver (3,3 % Glykosaminoglykane, 3,2 % Omega-3-Fettsäuren, 0,63 % Omega-6-Fettsäuren) | BM41: https://www.aniforte.de/products/gruenlippmuschel-pulver
D42: =E42&""&F42&""&G42&""&H42 -> EinzelfuttermittelKatzeGemüse, Obst und Faserstoffe | E42: Einzelfuttermittel | F42: Katze | G42: Gemüse, Obst und Faserstoffe | L42: Hagebuttenpulver | M42: =BF42 -> 0 | N42: =BG42 -> 5.9 | P42: =BI42 -> 0 | R42: =BK42 -> 38.1 | U42: =IF(S42="","",S42/T42) | AW42: 220 | BA42: 39.98 | BB42: 1 | BC42: Hagebuttenpulver | BD42: Ani-Forte | BE42: Einzelfuttermittel | BG42: 5.9 | BK42: 38.1 | BL42: Hagebuttenschalen Feinteile (0,22 % Vitamin C) | BM42: https://www.aniforte.de/products/hagebuttenpulver
D43: =E43&""&F43&""&G43&""&H43 -> EinzelfuttermittelKatzeGemüse, Obst und Faserstoffe | E43: Einzelfuttermittel | F43: Katze | G43: Gemüse, Obst und Faserstoffe | L43: Hefe, inaktiviert | M43: =BF43 -> 0 | N43: =BG43 -> 42.1 | P43: =BI43 -> 0 | R43: =BK43 -> 0 | U43: =IF(S43="","",S43/T43) | BA43: 31.98 | BB43: 0.5 | BC43: Bierhefe-Pulver | BD43: Ani-Forte | BE43: Einzelfuttermittel | BG43: 42.1 | BL43: Bierhefe gemahlen | BM43: https://www.aniforte.de/products/bierhefe-pulver
D44: =E44&""&F44&""&G44&""&H44 -> EinzelfuttermittelKatzeEi- und Milchprodukte | E44: Einzelfuttermittel | F44: Katze | G44: Ei- und Milchprodukte | L44: Eierschalen, getrocknet | M44: =BF44 -> 96 | N44: =BG44 -> 0 | P44: =BI44 -> 0 | R44: =BK44 -> 0 | S44: 37000 | T44: 100 | U44: =IF(S44="","",S44/T44) -> 370 | BA44: 37.19 | BC44: Calcium Plus | BD44: ANIBIO | BE44: Einzelfuttermittel | BF44: 96 | BL44: 100 % Eierschalenpulver | BM44: https://www.anibio.de/hunde/themenwelten/ergaenzungsfutter/calcium-plus
D45: =E45&""&F45&""&G45&""&H45 -> EinzelfuttermittelKatzeGetreide, Samen, Leguminosen und Kartoffel-Produkte | E45: Einzelfuttermittel | F45: Katze | G45: Getreide, Samen, Leguminosen und Kartoffel-Produkte | L45: Spitzwegerich-Saat | M45: =BF45 -> 2.2 | N45: =BG45 -> 15.3 | P45: =BI45 -> 6.8 | R45: =BK45 -> 19.6 | U45: =IF(S45="","",S45/T45) | BA45: 19.99 | BC45: Indische Flohsamen | BD45: Ani-Forte | BE45: Einzelfuttermittel | BF45: 2.2 | BG45: 15.3 | BI45: 6.8 | BK45: 19.6 | BL45: Indische Flohsamen | BM45: https://www.aniforte.de/products/indische-flohsamen
D46: =E46&""&F46&""&G46&""&H46 -> EinzelfuttermittelKatzeGetreide, Samen, Leguminosen und Kartoffel-Produkte | E46: Einzelfuttermittel | F46: Katze | G46: Getreide, Samen, Leguminosen und Kartoffel-Produkte | L46: Spitzwegerich-Saat | M46: =BF46 -> 2.1 | N46: =BG46 -> 2.2 | P46: =BI46 -> 1 | R46: =BK46 -> 3.3 | U46: =IF(S46="","",S46/T46) | BA46: 25.99 | BC46: Flohsamenschalen | BD46: Ani-Forte | BE46: Einzelfuttermittel | BF46: 2.1 | BG46: 2.2 | BI46: 1 | BK46: 3.3 | BL46: Flohsamenschalen | BM46: https://www.aniforte.de/products/flohsamenschalen
D47: =E47&""&F47&""&G47&""&H47 -> EinzelfuttermittelKatzeMineralstoffe | E47: Einzelfuttermittel | F47: Katze | G47: Mineralstoffe | L47: Torf | M47: =BF47 -> 0.6 | N47: =BG47 -> 1.5 | P47: =BI47 -> 0.1 | R47: =BK47 -> 1 | U47: =IF(S47="","",S47/T47) | BA47: 18.33 | BC47: Heilmoor | BD47: Ani-Forte | BE47: Einzelfuttermittel | BF47: 0.6 | BG47: 1.5 | BI47: 0.1 | BK47: 1 | BL47: Reiner Moortorf (Huminsäure-Gehalt 35 %) | BM47: https://www.aniforte.de/products/naturmoor
D48: =E48&""&F48&""&G48&""&H48 -> EinzelfuttermittelKatzeGemüse, Obst und Faserstoffe | E48: Einzelfuttermittel | F48: Katze | G48: Gemüse, Obst und Faserstoffe | L48: Rinden | M48: =BF48 -> 0 | N48: =BG48 -> 0 | P48: =BI48 -> 0 | R48: =BK48 -> 32.7 | U48: =IF(S48="","",S48/T48) | BA48: 131.96 | BC48: Ulmenrinde Pulver | BD48: Ani-Forte | BE48: Einzelfuttermittel | BK48: 32.7 | BL48: Amerikanische Rotulmenrinde gemahlen | BM48: https://www.aniforte.de/products/ulmenrinde-pulver
D49: =E49&""&F49&""&G49&""&H49 -> EinzelfuttermittelKatzeFleisch-, Fisch- und Algenprodukte | E49: Einzelfuttermittel | F49: Katze | G49: Fleisch-, Fisch- und Algenprodukte | L49: Algen, getrocknet | M49: =BF49 -> 6.7 | N49: =BG49 -> 62.2 | P49: =BI49 -> 5.7 | R49: =BK49 -> 2.3 | U49: =IF(S49="","",S49/T49) | BA49: 87.96 | BB49: 0.75 | BC49: BIO Spirulina Pulver | BD49: Ani-Forte | BE49: Einzelfuttermittel | BF49: 6.7 | BG49: 62.2 | BI49: 5.7 | BK49: 2.3 | BL49: Spirulina Pulver* (62,2 % Protein, 1,2 % Chlorophyll) | BM49: https://www.aniforte.de/products/bio-spirulina-pulver
D50: =E50&""&F50&""&G50&""&H50 -> EinzelfuttermittelKatzeGemüse, Obst und Faserstoffe | E50: Einzelfuttermittel | F50: Katze | G50: Gemüse, Obst und Faserstoffe | L50: Knoblauch, getrocknet | M50: =BF50 -> 0 | N50: =BG50 -> 15.8 | P50: =BI50 -> 0 | R50: =BK50 -> 1.5 | U50: =IF(S50="","",S50/T50) | BA50: 37 | BC50: Knoblauchgranulat | BD50: Grau | BE50: Einzelfuttermittel | BG50: 15.8 | BK50: 1.5 | BL50: Knoblauch (Allium sativum L., 100 %) getrocknet, granuliert | BM50: https://www.grau-generationpet.de/00002012-VATER/knoblauchgranulat
D51: =E51&""&F51&""&G51&""&H51 -> EinzelfuttermittelKatzeGemüse, Obst und Faserstoffe | E51: Einzelfuttermittel | F51: Katze | G51: Gemüse, Obst und Faserstoffe | L51: Hefe, inaktiviert | M51: =BF51 -> 6.2 | N51: =BG51 -> 46 | P51: =BI51 -> 2.7 | R51: =BK51 -> 1 | U51: =IF(S51="","",S51/T51) | BA51: 37.33 | BB51: 4 | BC51: Bierhefe-Pulver | BD51: Grau | BE51: Einzelfuttermittel | BF51: 6.2 | BG51: 46 | BI51: 2.7 | BK51: 1 | BL51: Bierhefe (100 %, Saccharomyces cerevisiae) | BM51: https://www.grau-generationpet.de/00002040-VATER/bierhefe-pulver
D52: =E52&""&F52&""&G52&""&H52 -> EinzelfuttermittelKatzeFleisch-, Fisch- und Algenprodukte | E52: Einzelfuttermittel | F52: Katze | G52: Fleisch-, Fisch- und Algenprodukte | L52: Seealgenmehl | M52: =BF52 -> 24.8 | N52: =BG52 -> 6.8 | P52: =BI52 -> 3.2 | R52: =BK52 -> 8.2 | U52: =IF(S52="","",S52/T52) | BA52: 11.89 | BC52: Seealgenmehl | BD52: Grau | BE52: Einzelfuttermittel | BF52: 24.8 | BG52: 6.8 | BI52: 3.2 | BK52: 8.2 | BL52: getrocknete frische Seealgen (Ascophyllum nodosum) | BM52: https://www.grau-generationpet.de/00002003/seealgenmehl
D53: =E53&""&F53&""&G53&""&H53 -> EinzelfuttermittelKatzeInnereien, TNPs, Schlachtabfälle und Tiermehle | E53: Einzelfuttermittel | F53: Katze | G53: Innereien, TNPs, Schlachtabfälle und Tiermehle | L53: Blutmehl | M53: =BF53 -> 4 | N53: =BG53 -> 92 | P53: =BI53 -> 0.5 | R53: =BK53 -> 0.4 | S53: 20 | T53: 300 | U53: =IF(S53="","",S53/T53) -> 0.066666667 | V53: 30 | W53: 1000 | X53: 700 | Z53: 280 | AA53: 80 | AB53: 250 | BA53: 27.96 | BB53: 1.5 | BC53: Rinderblutpulver | BD53: Ani-Forte | BE53: Einzelfuttermittel | BF53: 4 | BG53: 92 | BI53: 0.5 | BK53: 0.4 | BL53: 100 % Bluterzeugnis (getrocknetes Vollblut vom Rind) | BM53: https://www.aniforte.de/products/rinderblutpulver
D54: =E54&""&F54&""&G54&""&H54 -> EinzelfuttermittelKatzeMineralstoffe | E54: Einzelfuttermittel | F54: Katze | G54: Mineralstoffe | L54: Methylsulphonylmethan | M54: =BF54 -> 0 | N54: =BG54 -> 0 | P54: =BI54 -> 0 | R54: =BK54 -> 0 | U54: =IF(S54="","",S54/T54) | BA54: 39.97 | BB54: 0.5 | BC54: MSM Pulver für Hunde und Katzen | BD54: Ani-Forte | BE54: Einzelfuttermittel | BL54: 100 % Methylsulfonylmethan (99,94 % Reinheit) | BM54: https://www.aniforte.de/products/msm-pulver
D55: =E55&""&F55&""&G55&""&H55 -> EinzelfuttermittelKatzeInnereien, TNPs, Schlachtabfälle und Tiermehle | E55: Einzelfuttermittel | F55: Katze | G55: Innereien, TNPs, Schlachtabfälle und Tiermehle | L55: Hydrolysiertes Tierprotein | M55: =BF55 -> 2.5 | N55: =BG55 -> 83.3 | P55: =BI55 -> 1.6 | R55: =BK55 -> 6.6 | U55: =IF(S55="","",S55/T55) | AZ55: 70000 | BA55: 109.9 | BB55: 2.5 | BC55: Taurin für Katzen | BD55: Canina | BE55: Einzelfuttermittel | BF55: 2.5 | BG55: 83.3 | BI55: 1.6 | BK55: 6.6 | BL55: Bierhefe inaktiviert (Saccharomyces cerevisiae) | BM55: https://canina.de/products/229505-taurin-fuer-katzen?cat_id=27
D56: =E56&""&F56&""&G56&""&H56 -> EinzelfuttermittelKatzeGemüse, Obst und Faserstoffe | E56: Einzelfuttermittel | F56: Katze | G56: Gemüse, Obst und Faserstoffe | L56: Topinambur | M56: =BF56 -> 3.8 | N56: =BG56 -> 4.6 | P56: =BI56 -> 0.1 | R56: =BK56 -> 0.2 | S56: 123 | T56: 546 | U56: =IF(S56="","",S56/T56) -> 0.22527473 | V56: 50 | W56: 2013 | X56: 13 | Z56: 12 | AF56: =AG56*EFM!$BO$13 -> 60 | AG56: 200 | AL56: =AK56*EFM!$BO$14 -> 0 | AO56: 0.95 | AP56: 0.3 | AT56: 6.2 | AW56: 20 | BA56: 733 | BB56: 1 | BC56: Prebiotic TopinPur VET | BD56: Ani-Forte | BE56: Einzelfuttermittel | BF56: 3.8 | BG56: 4.6 | BI56: 0.1 | BJ56: =100-(BF56+BG56+BI56) -> 91.5 | BK56: 0.2 | BL56: Topinamburknolle Konzentrat | BM56: https://www.aniforte.de/products/prebiotic-topinpur-vet
D57: =E57&""&F57&""&G57&""&H57 -> EinzelfuttermittelKatzeFleisch-, Fisch- und Algenprodukte | E57: Einzelfuttermittel | F57: Katze | G57: Fleisch-, Fisch- und Algenprodukte | L57: Lithothamnium | M57: =BF57 -> 84.8 | N57: =BG57 -> 0.7 | P57: =BI57 -> 0.01 | R57: =BK57 -> 1.5 | U57: =IF(S57="","",S57/T57) | BA57: 23.8 | BC57: Algenkalk Pulver | BD57: napani | BE57: Einzelfuttermittel | BF57: 84.8 | BG57: 0.7 | BI57: 0.01 | BK57: 1.5 | BL57: 100% Rotalgen (Lithothamnium calcareum), gemahlen. | BM57: https://napani.at/Algenkalk-Pulver-f-Hunde-Katzen-500g
D58: =E58&""&F58&""&G58&""&H58 -> EinzelfuttermittelKatzeGemüse, Obst und Faserstoffe | E58: Einzelfuttermittel | F58: Katze | G58: Gemüse, Obst und Faserstoffe | L58: Hefen, inaktiviert | M58: =BF58 -> 5.2 | N58: =BG58 -> 38.5 | P58: =BI58 -> 6.2 | R58: =BK58 -> 0.5 | U58: =IF(S58="","",S58/T58) | BA58: 53 | BC58: Bio-Hefepulver | BD58: napani | BE58: Einzelfuttermittel | BF58: 5.2 | BG58: 38.5 | BI58: 6.2 | BK58: 0.5 | BL58: 100% Inaktive Bio Melassehefe in Pulverform (Saccharamyces cerevisia) | BM58: https://napani.at/Bio-Hefepulver-f-Hunde-Katzen-500g
D59: =E59&""&F59&""&G59&""&H59 -> EinzelfuttermittelKatzeFleisch-, Fisch- und Algenprodukte | E59: Einzelfuttermittel | F59: Katze | G59: Fleisch-, Fisch- und Algenprodukte | L59: Weichtiermehl | M59: =BF59 -> 6.3 | N59: =BG59 -> 65 | P59: =BI59 -> 9 | R59: =BK59 -> 0 | U59: =IF(S59="","",S59/T59) | BA59: 119.3 | BB59: 2 | BC59: Grünlippmuschelpulver | BD59: napani | BE59: Einzelfuttermittel | BF59: 6.3 | BG59: 65 | BI59: 9 | BK59: 0 | BL59: 100% Perna Canaliculus (Grünlippmuschelpulver) | BM59: https://napani.at/Gruenlippmuschelpulver-f-Hunde-Katzen-150g
D60: =E60&""&F60&""&G60&""&H60 -> EinzelfuttermittelKatzeInnereien, TNPs, Schlachtabfälle und Tiermehle | E60: Einzelfuttermittel | F60: Katze | G60: Innereien, TNPs, Schlachtabfälle und Tiermehle | L60: Tierisches Nebenprodukt | M60: =BF60 -> 54.4 | N60: =BG60 -> 37 | P60: =BI60 -> 0.2 | R60: =BK60 -> 0.1 | S60: 21150 | T60: 9890 | U60: =IF(S60="","",S60/T60) -> 2.1385238 | V60: 390 | W60: 70 | X60: 530 | Y60: 0.094 | Z60: 5.737 | AA60: 0.046 | AB60: 0.663 | AC60: 0.123 | BA60: 69.7 | BB60: 2 | BC60: Hirschgeweihpulver | BD60: napani | BE60: Einzelfuttermittel | BF60: 54.4 | BG60: 37 | BI60: 0.2 | BK60: 0.1 | BL60: 100% naturreines Hirschgeweihpulver | BM60: https://napani.at/hirschgeweihpulver-fuer-hunde-u-katzen-300g
D61: =E61&""&F61&""&G61&""&H61 -> EinzelfuttermittelKatzeFleisch-, Fisch- und Algenprodukte | E61: Einzelfuttermittel | F61: Katze | G61: Fleisch-, Fisch- und Algenprodukte | L61: Kieselgurpulver | M61: =BF61 -> 97 | N61: =BG61 -> 0.2 | P61: =BI61 -> 0 | R61: =BK61 -> 1 | U61: =IF(S61="","",S61/T61) | BA61: 27.8 | BB61: 3 | BC61: Kieselgur | BD61: napani | BE61: Einzelfuttermittel | BF61: 97 | BG61: 0.2 | BI61: 0 | BK61: 1 | BL61: 100% reines Kieselgur-Pulver | BM61: https://napani.at/Kieselgur-f-Hunde-Katzen-450g
D62: =E62&""&F62&""&G62&""&H62 -> EinzelfuttermittelKatzeFleisch-, Fisch- und Algenprodukte | E62: Einzelfuttermittel | F62: Katze | G62: Fleisch-, Fisch- und Algenprodukte | L62: Mehl aus marinem Zooplankton | M62: =BF62 -> 11.5 | N62: =BG62 -> 48.4 | P62: =BI62 -> 14.8 | R62: =BK62 -> 0.3 | U62: =IF(S62="","",S62/T62) | BA62: 232.7 | BB62: 1 | BC62: Marines Phytoplanktonpulver für Hunde und Katzen | BD62: napani | BE62: Einzelfuttermittel | BF62: 11.5 | BG62: 48.4 | BI62: 14.8 | BK62: 0.3 | BL62: 100% Marines Phytoplankton Pulver (Nannochloropsis gaditana) | BM62: https://napani.at/marines-phytoplanktonpulver-fuer-hunde-u-katzen-150g
D63: =E63&""&F63&""&G63&""&H63 -> EinzelfuttermittelKatzeMineralstoffe | E63: Einzelfuttermittel | F63: Katze | G63: Mineralstoffe | L63: Torf | M63: =BF63 -> 1 | N63: =BG63 -> 0.6 | P63: =BI63 -> 0.1 | R63: =BK63 -> 1.4 | U63: =IF(S63="","",S63/T63) | X63: 120 | BA63: 43 | BC63: Naturmoor für Tiere | BD63: Sonnenmoor | BE63: Einzelfuttermittel | BF63: 1 | BG63: 0.6 | BI63: 0.1 | BK63: 1.4 | BL63: Moor (Torf, flüssig) | BM63: https://napani.at/Naturmoor-fuer-Haustiere-1000ml
D64: =E64&""&F64&""&G64&""&H64 -> EinzelfuttermittelKatzeGemüse, Obst und Faserstoffe | E64: Einzelfuttermittel | F64: Katze | G64: Gemüse, Obst und Faserstoffe | L64: Rinden | M64: =BF64 -> 0.8 | N64: =BG64 -> 0.8 | P64: =BI64 -> 2.5 | R64: =BK64 -> 1 | U64: =IF(S64="","",S64/T64) | BA64: 209 | BB64: 2 | BC64: Ulmenrinde Tinktur für Tiere | BD64: napani | BE64: Einzelfuttermittel | BF64: 0.8 | BG64: 0.8 | BI64: 2.5 | BK64: 1 | BL64: Ulmenrinde | BM64: https://napani.at/Gastrowohl-Ulmenrindentinktur-f-Hunde-Katzen-100ml
D65: =E65&""&F65&""&G65&""&H65 -> EinzelfuttermittelKatzeMineralstoffe | E65: Einzelfuttermittel | F65: Katze | G65: Mineralstoffe | L65: Torf | M65: =BF65 -> 0 | N65: =BG65 -> 0.4 | P65: =BI65 -> 0.1 | R65: =BK65 -> 1.4 | U65: =IF(S65="","",S65/T65) | X65: 120 | BA65: 16.99 | BB65: 10 | BC65: Moor Pur für Haustiere | BD65: Perro | BE65: Einzelfuttermittel | BG65: 0.4 | BI65: 0.1 | BK65: 1.4 | BL65: Moor (Torf, flüssig). | BM65: 42
D66: =E66&""&F66&""&G66&""&H66 -> EinzelfuttermittelKatzeGemüse, Obst und Faserstoffe | E66: Einzelfuttermittel | F66: Katze | G66: Gemüse, Obst und Faserstoffe | L66: Hefe, inaktiviert | M66: =BF66 -> 7 | N66: =BG66 -> 46 | P66: =BI66 -> 3 | R66: =BK66 -> 0 | U66: =IF(S66="","",S66/T66) | BA66: 27.1 | BC66: Bierhefe | BD66: Perro | BE66: Einzelfuttermittel | BF66: 7 | BG66: 46 | BI66: 3 | BL66: Bierhefe 100% (unextrahiert, getrocknet, gemahlen). | BM66: https://www.perro.at/perro-bierhefe/ZD-130
D67: =E67&""&F67&""&G67&""&H67 -> EinzelfuttermittelKatzeFleisch-, Fisch- und Algenprodukte | E67: Einzelfuttermittel | F67: Katze | G67: Fleisch-, Fisch- und Algenprodukte | L67: Seealgenmehl | M67: =BF67 -> 22.5 | N67: =BG67 -> 5 | P67: =BI67 -> 2 | R67: =BK67 -> 3.4 | U67: =IF(S67="","",S67/T67) | BA67: 21.32 | BC67: Seealgenmehl | BD67: Perro | BE67: Einzelfuttermittel | BF67: 22.5 | BG67: 5 | BI67: 2 | BK67: 3.4 | BL67: Seealgen (getrocknet und gemahlen). | BM67: https://www.perro.at/perro-seealgenmehl/ZD-627
D68: =E68&""&F68&""&G68&""&H68 -> EinzelfuttermittelKatzeEi- und Milchprodukte | E68: Einzelfuttermittel | F68: Katze | G68: Ei- und Milchprodukte | L68: Kolostrum/Kolostrumpulver | M68: =BF68 -> 6.2 | N68: =BG68 -> 24.8 | P68: =BI68 -> 18.9 | R68: =BK68 -> 24.5 | U68: =IF(S68="","",S68/T68) | BA68: 998 | BC68: Ziegen Colostrumkapseln | BD68: Perro | BE68: Einzelfuttermittel | BF68: 6.2 | BG68: 24.8 | BI68: 18.9 | BK68: 24.5 | BL68: 100% Ziegenkolostrum | BM68: https://www.perro.at/perro-ziegen-colostrumkapseln/13050
D69: =E69&""&F69&""&G69&""&H69 -> EinzelfuttermittelKatzeFleisch-, Fisch- und Algenprodukte | E69: Einzelfuttermittel | F69: Katze | G69: Fleisch-, Fisch- und Algenprodukte | L69: Algen, getrocknet | M69: =BF69 -> 5.4 | N69: =BG69 -> 57.4 | P69: =BI69 -> 10.5 | R69: =BK69 -> 0 | U69: =IF(S69="","",S69/T69) | BA69: 294.17 | BB69: 0.75 | BC69: Bio Chlorella | BD69: CdVet | BE69: Einzelfuttermittel | BF69: 5.4 | BG69: 57.4 | BI69: 10.5 | BL69: 100% Bio Chlorella | BM69: https://www.zooroyal.at/cdvet-fit-barf-bio-chlorella-36g?sDetail=75650
D70: =E70&""&F70&""&G70&""&H70 -> EinzelfuttermittelKatzeFleisch-, Fisch- und Algenprodukte | E70: Einzelfuttermittel | F70: Katze | G70: Fleisch-, Fisch- und Algenprodukte | L70: Weichtiermehl | M70: =BF70 -> 0 | N70: =BG70 -> 59.3 | P70: =BI70 -> 8.7 | R70: =BK70 -> 0 | U70: =IF(S70="","",S70/T70) | BA70: 258.9 | BB70: 0.5 | BC70: Grünlippmuschel | BD70: CdVet | BE70: Einzelfuttermittel | BG70: 59.3 | BI70: 8.7 | BL70: Grünlippmuschelpulver (100% Perna canaliculus) | BM70: https://www.zooroyal.at/cdvet-fit-barf-gruenlippmuschel-100g
D71: =E71&""&F71&""&G71&""&H71 -> EinzelfuttermittelKatzeGemüse, Obst und Faserstoffe | E71: Einzelfuttermittel | F71: Katze | G71: Gemüse, Obst und Faserstoffe | L71: Hagebuttenpulver | M71: =BF71 -> 0 | N71: =BG71 -> 0 | P71: =BI71 -> 0 | R71: =BK71 -> 14.9 | U71: =IF(S71="","",S71/T71) | BA71: 63.27 | BB71: 1 | BC71: Hagebuttenschalen fein gemahlen | BD71: CdVet | BE71: Einzelfuttermittel | BK71: 14.9 | BL71: Hagebuttenschalen fein gemahlen | BM71: https://www.zooroyal.at/cdvet-fit-barf-hagebuttenschalen-fein-150g?sDetail=76281
D72: =E72&""&F72&""&G72&""&H72 -> EinzelfuttermittelKatzeFleisch-, Fisch- und Algenprodukte | E72: Einzelfuttermittel | F72: Katze | G72: Fleisch-, Fisch- und Algenprodukte | L72: Algen, getrocknet | M72: =BF72 -> 8.4 | N72: =BG72 -> 66.5 | P72: =BI72 -> 6.1 | R72: =BK72 -> 0 | U72: =IF(S72="","",S72/T72) | BA72: 263.61 | BC72: Bio Spirulina | BD72: CdVet | BE72: Einzelfuttermittel | BF72: 8.4 | BG72: 66.5 | BI72: 6.1 | BL72: 100% Spirulina | BM72: https://www.zooroyal.at/cdvet-fit-barf-bio-spirulina-36g?sDetail=40988
D73: =E73&""&F73&""&G73&""&H73 -> EinzelfuttermittelKatzeGemüse, Obst und Faserstoffe | E73: Einzelfuttermittel | F73: Katze | G73: Gemüse, Obst und Faserstoffe | L73: Kokosextraktionsschrot | M73: =BF73 -> 0 | N73: =BG73 -> 6.7 | P73: =BI73 -> 66.6 | R73: =BK73 -> 14.9 | U73: =IF(S73="","",S73/T73) | BA73: 42.36 | BB73: 0.3 | BC73: Singulares Bio-Kokosraspeln | BD73: CdVet | BE73: Einzelfuttermittel | BG73: 6.7 | BI73: 66.6 | BK73: 14.9 | BL73: 100% Bio-Kokosraspeln | BM73: https://www.zooroyal.at/cdvet-singulares-bio-kokosraspeln-250g?sDetail=75655
D74: =E74&""&F74&""&G74&""&H74 -> EinzelfuttermittelKatzeMineralstoffe | E74: Einzelfuttermittel | F74: Katze | G74: Mineralstoffe | L74: Kaliumcitrat | M74: =BF74 -> 0 | N74: =BG74 -> 0 | P74: =BI74 -> 0 | R74: =BK74 -> 0 | U74: =IF(S74="","",S74/T74) | W74: 36000 | AF74: =AG74*EFM!$BO$13 -> 0 | AL74: =AK74*EFM!$BO$14 -> 0 | BA74: 99.33 | BB74: 0.75 | BC74: Kaliumcitrat | BD74: napfcheck | BE74: Einzelfuttermittel | BL74: Kaliumcitrat | BM74: https://www.napfcheck-shop.at/produkt/napfcheck-kaliumcitrat-fuer-hunde-und-katzen/
D75: =E75&""&F75&""&G75&""&H75 -> EinzelfuttermittelKatzeMineralstoffe | E75: Einzelfuttermittel | F75: Katze | G75: Mineralstoffe | L75: Monocalciumphosphat | M75: =BF75 -> 0 | N75: =BG75 -> 0 | P75: =BI75 -> 0 | R75: =BK75 -> 0 | S75: 16000 | T75: 22700 | U75: =IF(S75="","",S75/T75) -> 0.70484581 | AF75: =AG75*EFM!$BO$13 -> 0 | AL75: =AK75*EFM!$BO$14 -> 0 | BA75: 31.8 | BC75: Monocalciumphosphat Hunde und Katzen | BD75: napfcheck | BE75: Einzelfuttermittel | BL75: 100 % Monocalciumphosphat | BM75: https://www.napfcheck-shop.at/produkt/monocalciumphosphat/
D76: =E76&""&F76&""&G76&""&H76 -> EinzelfuttermittelKatzeMineralstoffe | E76: Einzelfuttermittel | F76: Katze | G76: Mineralstoffe | L76: Calciumcarbonat | M76: =BF76 -> 0 | N76: =BG76 -> 0 | P76: =BI76 -> 0 | R76: =BK76 -> 0 | S76: 36000 | T76: 1 | U76: =IF(S76="","",S76/T76) -> 36000 | AF76: =AG76*EFM!$BO$13 -> 0 | AL76: =AK76*EFM!$BO$14 -> 0 | BA76: 27.8 | BB76: 1.25 | BC76: Calciumcarbonat | BD76: napfcheck | BE76: Einzelfuttermittel | BL76: 100 % Calciumcarbonat | BM76: https://www.napfcheck-shop.at/produkt/calciumcarbonat/
D77: =E77&""&F77&""&G77&""&H77 -> EinzelfuttermittelKatzeMineralstoffe | E77: Einzelfuttermittel | F77: Katze | G77: Mineralstoffe | L77: Calciumglukonat | M77: =BF77 -> 0 | N77: =BG77 -> 0 | P77: =BI77 -> 0 | R77: =BK77 -> 0 | S77: 9000 | T77: 1 | U77: =IF(S77="","",S77/T77) -> 9000 | AF77: =AG77*EFM!$BO$13 -> 0 | AL77: =AK77*EFM!$BO$14 -> 0 | BA77: 49.8 | BC77: Calciumglukonat | BD77: napfcheck | BE77: Einzelfuttermittel | BL77: 100 % Calciumglukonat | BM77: https://www.napfcheck-shop.at/produkt/napfcheck-calciumglukonat-fuer-hunde-und-katzen/
D78: =E78&""&F78&""&G78&""&H78 -> EinzelfuttermittelKatzeInnereien, TNPs, Schlachtabfälle und Tiermehle | E78: Einzelfuttermittel | F78: Katze | G78: Innereien, TNPs, Schlachtabfälle und Tiermehle | L78: Knochenfuttermehl, entleimt | M78: =BF78 -> 72.8 | N78: =BG78 -> 0.6 | P78: =BI78 -> 0.3 | R78: =BK78 -> 0.3 | S78: 22600 | T78: 17700 | U78: =IF(S78="","",S78/T78) -> 1.2768362 | X78: 30 | BA78: 14.25 | BB78: 1 | BC78: Naturreines Knochenmehl | BD78: Grau | BE78: Einzelfuttermittel | BF78: 72.8 | BG78: 0.6 | BI78: 0.3 | BK78: 0.3 | BL78: 100 % gemahlene Knochen (vom Rind) | BM78: https://www.grau-generationpet.de/00001074/naturreines-knochenmehl
D79: =E79&""&F79&""&G79&""&H79 -> EinzelfuttermittelKatzeInnereien, TNPs, Schlachtabfälle und Tiermehle | E79: Einzelfuttermittel | F79: Katze | G79: Innereien, TNPs, Schlachtabfälle und Tiermehle | L79: Knochenfuttermehl, entleimt | M79: =BF79 -> 42.3 | N79: =BG79 -> 48.8 | P79: =BI79 -> 6.9 | R79: =BK79 -> 0 | S79: 14200 | T79: 6800 | U79: =IF(S79="","",S79/T79) -> 2.0882353 | BA79: 15.5 | BB79: 1.25 | BC79: BARF-Line Gemahlene Knochen vom Rind | BD79: Ani-Forte | BE79: Einzelfuttermittel | BF79: 42.3 | BG79: 48.8 | BI79: 6.9 | BL79: Verarbeitetes tierisches Protein gemahlen (aus frischen Rinderknochen) (14,2 % Calcium, 6,8 % Phosphor) | BM79: https://www.aniforte.de/products/gemahlene-knochen
D80: =E80&""&F80&""&G80&""&H80 -> EinzelfuttermittelKatzeInnereien, TNPs, Schlachtabfälle und Tiermehle | E80: Einzelfuttermittel | F80: Katze | G80: Innereien, TNPs, Schlachtabfälle und Tiermehle | L80: Knochenfuttermehl, entleimt | M80: =BF80 -> 39.1 | N80: =BG80 -> 46.2 | P80: =BI80 -> 11 | R80: =BK80 -> 0 | S80: 14400 | T80: 6650 | U80: =IF(S80="","",S80/T80) -> 2.1654135 | BA80: 24.99 | BB80: 1.25 | BC80: BARF-Line Gemahlene Knochen vom Pferd | BD80: Ani-Forte | BE80: Einzelfuttermittel | BF80: 39.1 | BG80: 46.2 | BI80: 11 | BL80: Verarbeitetes tierisches Protein gemahlen (aus frischen Pferdeknochen) | BM80: https://www.aniforte.de/products/gemahlene-knochen-pferd
D81: =E81&""&F81&""&G81&""&H81 -> EinzelfuttermittelKatzeInnereien, TNPs, Schlachtabfälle und Tiermehle | E81: Einzelfuttermittel | F81: Katze | G81: Innereien, TNPs, Schlachtabfälle und Tiermehle | L81: Knochenfuttermehl, entleimt | M81: =BF81 -> 3.1 | N81: =BG81 -> 44.1 | P81: =BI81 -> 9.9 | R81: =BK81 -> 0 | S81: 16000 | T81: 7540 | U81: =IF(S81="","",S81/T81) -> 2.1220159 | BA81: 18.9 | BC81: Hirschknochenmehl | BD81: BARF Kultur | BE81: Einzelfuttermittel | BF81: 3.1 | BG81: 44.1 | BI81: 9.9 | BL81: Fleischknochen vom Hirsch, gemahlen | BM81: https://www.barf-kultur.de/Hirschknochenmehl
D82: =E82&""&F82&""&G82&""&H82 -> EinzelfuttermittelKatzeInnereien, TNPs, Schlachtabfälle und Tiermehle | E82: Einzelfuttermittel | F82: Katze | G82: Innereien, TNPs, Schlachtabfälle und Tiermehle | L82: Knochenfuttermehl, entleimt | M82: =BF82 -> 51.6 | N82: =BG82 -> 33.9 | P82: =BI82 -> 13.1 | R82: =BK82 -> 0 | S82: 29800 | T82: 17200 | U82: =IF(S82="","",S82/T82) -> 1.7325581 | BA82: 24 | BC82: Kaninchenknochenmehl | BD82: BARF Kultur | BE82: Einzelfuttermittel | BF82: 51.6 | BG82: 33.9 | BI82: 13.1 | BL82: Fleischknochen vom Kaninchen, gemahlen | BM82: https://www.barf-kultur.de/Kaninchenknochenmehl
D83: =E83&""&F83&""&G83&""&H83 -> EinzelfuttermittelKatzeInnereien, TNPs, Schlachtabfälle und Tiermehle | E83: Einzelfuttermittel | F83: Katze | G83: Innereien, TNPs, Schlachtabfälle und Tiermehle | L83: Knochenfuttermehl, entleimt | M83: =BF83 -> 32.4 | N83: =BG83 -> 49.9 | O83: =BH83 -> 0 | P83: =BI83 -> 12.9 | R83: =BK83 -> 0 | S83: 12700 | T83: 6100 | U83: =IF(S83="","",S83/T83) -> 2.0819672 | BA83: 14.9 | BC83: Lammknochenmehl | BD83: BARF Kultur | BE83: Einzelfuttermittel | BF83: 32.4 | BG83: 49.9 | BI83: 12.9 | BL83: Fleischknochen vom Lamm, gemahlen | BM83: https://www.barf-kultur.de/Lammknochenmehl
D84: =E84&""&F84&""&G84&""&H84 -> EinzelfuttermittelKatzeInnereien, TNPs, Schlachtabfälle und Tiermehle | E84: Einzelfuttermittel | F84: Katze | G84: Innereien, TNPs, Schlachtabfälle und Tiermehle | L84: Knochenfuttermehl, entleimt | M84: =BF84 -> 35.8 | N84: =BG84 -> 49.9 | O84: =BH84 -> 0 | P84: =BI84 -> 11.4 | R84: =BK84 -> 0 | S84: 14400 | T84: 6650 | U84: =IF(S84="","",S84/T84) -> 2.1654135 | BA84: 19.5 | BC84: Pferdeknochenmehl | BD84: BARF Kultur | BE84: Einzelfuttermittel | BF84: 35.8 | BG84: 49.9 | BI84: 11.4 | BL84: Fleischknochen vom Pferd, gemahlen | BM84: https://www.barf-kultur.de/Pferdeknochenmehl
D85: =E85&""&F85&""&G85&""&H85 -> EinzelfuttermittelKatzeInnereien, TNPs, Schlachtabfälle und Tiermehle | E85: Einzelfuttermittel | F85: Katze | G85: Innereien, TNPs, Schlachtabfälle und Tiermehle | L85: Knochenfuttermehl, entleimt | M85: =BF85 -> 0 | N85: =BG85 -> 49.6 | O85: =BH85 -> 0 | P85: =BI85 -> 7.2 | R85: =BK85 -> 0 | S85: 14600 | T85: 6800 | U85: =IF(S85="","",S85/T85) -> 2.1470588 | BA85: 13.9 | BC85: Rinderknochenmehl | BD85: BARF Kultur | BE85: Einzelfuttermittel | BG85: 49.6 | BI85: 7.2 | BL85: Fleischknochen vom Rind, gemahlen | BM85: https://www.barf-kultur.de/Rinderknochenmehl
D86: =E86&""&F86&""&G86&""&H86 -> EinzelfuttermittelKatzeInnereien, TNPs, Schlachtabfälle und Tiermehle | E86: Einzelfuttermittel | F86: Katze | G86: Innereien, TNPs, Schlachtabfälle und Tiermehle | L86: Knochenfuttermehl, entleimt | M86: =BF86 -> 65.5 | N86: =BG86 -> 21.3 | O86: =BH86 -> 0 | P86: =BI86 -> 9 | R86: =BK86 -> 0 | S86: 21500 | T86: 10500 | U86: =IF(S86="","",S86/T86) -> 2.047619 | BA86: 24 | BC86: Ziegenknochenmehl | BD86: BARF Kultur | BE86: Einzelfuttermittel | BF86: 65.5 | BG86: 21.3 | BI86: 9 | BL86: Fleischknochen von der Ziege, gemahlen | BM86: https://www.barf-kultur.de/Ziegenknochenmehl
D87: =E87&""&F87&""&G87&""&H87 -> EinzelfuttermittelKatzeEi- und Milchprodukte | E87: Einzelfuttermittel | F87: Katze | G87: Ei- und Milchprodukte | L87: Kolostrum/Kolostrumpulver | M87: =BF87 -> 0 | N87: =BG87 -> 0 | O87: =BH87 -> 0 | P87: =BI87 -> 0 | R87: =BK87 -> 0 | U87: =IF(S87="","",S87/T87) | BA87: 191.6 | BC87: Colostrum - Kur zur Stärkung des Immunsystems | BD87: Dr Sam | BE87: Einzelfuttermittel | BL87: Entkaseiniertes Kuh Colostrum (Erstmilch) | BM87: https://www.drsam.de/produktseite/colostrum
D88: =E88&""&F88&""&G88&""&H88 -> EinzelfuttermittelKatzeInnereien, TNPs, Schlachtabfälle und Tiermehle | E88: Einzelfuttermittel | F88: Katze | G88: Innereien, TNPs, Schlachtabfälle und Tiermehle | L88: Hydrolysiertes Tierprotein | M88: =BF88 -> 0 | N88: =BG88 -> 0 | O88: =BH88 -> 0 | P88: =BI88 -> 0 | R88: =BK88 -> 0 | U88: =IF(S88="","",S88/T88) | AZ88: 98000 | BA88: 199.9 | BB88: 0.5 | BC88: Taurin Pulver | BD88: Ani-Forte | BE88: Einzelfuttermittel | BL88: Taurin (3a370) | BM88: https://www.aniforte.de/products/taurin-pulver-katzen
D89: =E89&""&F89&""&G89&""&H89 -> EinzelfuttermittelKatzeFleisch-, Fisch- und Algenprodukte | E89: Einzelfuttermittel | F89: Katze | G89: Fleisch-, Fisch- und Algenprodukte | L89: Algen, getrocknet | M89: =BF89 -> 71 | N89: =BG89 -> 3.6 | O89: =BH89 -> 0 | P89: =BI89 -> 0.7 | R89: =BK89 -> 1.3 | S89: 15000 | T89: 130 | U89: =IF(S89="","",S89/T89) -> 115.38462 | V89: 1500 | X89: 2400 | BB89: 0.25 | BC89: Petmin | BD89: REICO | BE89: Einzelfuttermittel | BF89: 71 | BG89: 3.6 | BI89: 0.7 | BK89: 1.3 | BL89: 100 % Algen (Lithothamnion/Fucus). | BM89: https://reico-vital.com/de/tier/827-petmin-100g-4262396151094.html
D90: =E90&""&F90&""&G90&""&H90 -> EinzelfuttermittelKatzeInnereien, TNPs, Schlachtabfälle und Tiermehle | E90: Einzelfuttermittel | F90: Katze | G90: Innereien, TNPs, Schlachtabfälle und Tiermehle | L90: Hydrolysiertes Tierprotein | U90: =IF(S90="","",S90/T90) | AZ90: 98000 | BA90: 139 | BB90: 0.5 | BC90: Taurin | BD90: REAVET | BE90: Einzelfuttermittel | BL90: Taurin | BM90: https://reavet.de/Taurin-100g_1?_gl=1*5wcfd7*_up*MQ..&gclid=Cj0KCQjwj4K5BhDYARIsAD1Ly2rGLts9XA6aX1dUCY0wZ0VATTWpJ6MEbWhVdqCXzBL72ygTkqgyDTUaArphEALw_wcB
D91: =E91&""&F91&""&G91&""&H91 -> EinzelfuttermittelKatzeFleisch-, Fisch- und Algenprodukte | E91: Einzelfuttermittel | F91: Katze | G91: Fleisch-, Fisch- und Algenprodukte | L91: Algen, getrocknet | M91: =BF91 -> 10 | N91: =BG91 -> 60 | O91: =BH91 -> 0 | P91: =BI91 -> 4.1 | R91: =BK91 -> 0 | U91: =IF(S91="","",S91/T91) | BA91: 63.6 | BB91: 1 | BC91: Spirulina Pulver | BD91: REAVET | BE91: Einzelfuttermittel | BF91: 10 | BG91: 60 | BI91: 4.1 | BL91: Spirulina Platensis Pulver | BM91: https://reavet.de/BIO-Spirulina-Pulver-250g?_gl=1*sqrlxl*_up*MQ..&gclid=Cj0KCQjwj4K5BhDYARIsAD1Ly2rGLts9XA6aX1dUCY0wZ0VATTWpJ6MEbWhVdqCXzBL72ygTkqgyDTUaArphEALw_wcB
D92: =E92&""&F92&""&G92&""&H92 -> EinzelfuttermittelKatzeEi- und Milchprodukte | E92: Einzelfuttermittel | F92: Katze | G92: Ei- und Milchprodukte | L92: Eierschalen, getrocknet | M92: =BF92 -> 93.5 | N92: =BG92 -> 0 | O92: =BH92 -> 0 | P92: =BI92 -> 0 | R92: =BK92 -> 16.1 | S92: 37600 | T92: 950 | U92: =IF(S92="","",S92/T92) -> 39.578947 | BA92: 23.8 | BB92: 1.5 | BC92: Eierschalenpulver | BD92: REAVET | BE92: Einzelfuttermittel | BF92: 93.5 | BK92: 16.1 | BL92: 100% Eierschalenmehl | BM92: https://reavet.de/Eierschalenpulver-500g?_gl=1*rkpn90*_up*MQ..&gclid=Cj0KCQjwj4K5BhDYARIsAD1Ly2rGLts9XA6aX1dUCY0wZ0VATTWpJ6MEbWhVdqCXzBL72ygTkqgyDTUaArphEALw_wcB
D93: =E93&""&F93&""&G93&""&H93 -> EinzelfuttermittelKatzeEi- und Milchprodukte | E93: Einzelfuttermittel | F93: Katze | G93: Ei- und Milchprodukte | L93: Kolostrum/Kolostrumpulver | N93: =BG93 -> 67.4 | O93: =BH93 -> 0 | P93: =BI93 -> 0 | R93: =BK93 -> 0 | U93: =IF(S93="","",S93/T93) | BA93: 289 | BB93: 1 | BC93: Colostrum Pulver | BD93: REAVET | BE93: Einzelfuttermittel | BG93: 67.4 | BI93: 0 | BL93: Colostrum Pulver (entfettet) | BM93: https://reavet.de/Colostrum-Bioaktiv-100g?_gl=1*1ptuzt8*_up*MQ..&gclid=Cj0KCQjwj4K5BhDYARIsAD1Ly2rGLts9XA6aX1dUCY0wZ0VATTWpJ6MEbWhVdqCXzBL72ygTkqgyDTUaArphEALw_wcB
D94: =E94&""&F94&""&G94&""&H94 -> EinzelfuttermittelKatzeGemüse, Obst und Faserstoffe | E94: Einzelfuttermittel | F94: Katze | G94: Gemüse, Obst und Faserstoffe | L94: Hagebuttenpulver | N94: =BG94 -> 5.8 | O94: =BH94 -> 0 | P94: =BI94 -> 2.1 | R94: =BK94 -> 13.3 | U94: =IF(S94="","",S94/T94) | BA94: 47.6 | BB94: 1 | BC94: Hagebuttenpulver | BD94: REAVET | BE94: Einzelfuttermittel | BF94: 5.9 | BG94: 5.8 | BI94: 2.1 | BK94: 13.3 | BL94: Hagebuttenschalen gemahlen (0,22 % Vitamin C) | BM94: https://reavet.de/Hagebuttenpulver-250g?_gl=1*1hb216n*_up*MQ..&gclid=Cj0KCQjwj4K5BhDYARIsAD1Ly2rGLts9XA6aX1dUCY0wZ0VATTWpJ6MEbWhVdqCXzBL72ygTkqgyDTUaArphEALw_wcB
D95: =E95&""&F95&""&G95&""&H95 -> EinzelfuttermittelKatzeGemüse, Obst und Faserstoffe | E95: Einzelfuttermittel | F95: Katze | G95: Gemüse, Obst und Faserstoffe | L95: Imkerei-Nebenerzeugnisse | N95: =BG95 -> 11 | O95: =BH95 -> 0 | P95: =BI95 -> 42.7 | U95: =IF(S95="","",S95/T95) | BA95: 795 | BB95: 0.075 | BC95: Propolis | BD95: REAVET | BE95: Einzelfuttermittel | BF95: 3.8 | BG95: 11 | BI95: 42.7 | BK95: 5.6 | BL95: Propolis Pulver, Maltodextrin gemahlen | BM95: https://reavet.de/Propolis-20g?_gl=1*hmbca1*_up*MQ..&gclid=Cj0KCQjwj4K5BhDYARIsAD1Ly2rGLts9XA6aX1dUCY0wZ0VATTWpJ6MEbWhVdqCXzBL72ygTkqgyDTUaArphEALw_wcB
D96: =E96&""&F96&""&G96&""&H96 -> EinzelfuttermittelKatzeGemüse, Obst und Faserstoffe | E96: Einzelfuttermittel | F96: Katze | G96: Gemüse, Obst und Faserstoffe | L96: Hefe, inaktiviert | N96: =BG96 -> 46 | P96: =BI96 -> 2.7 | U96: =IF(S96="","",S96/T96) | BA96: 35.6 | BB96: 0.5 | BC96: Bierhefe Pulver | BD96: REAVET | BE96: Einzelfuttermittel | BF96: 8 | BG96: 46 | BI96: 2.7 | BK96: 1 | BL96: Bierhefe Pulver | BM96: https://reavet.de/Bierhefe-Pulver-versch-Groessen?_gl=1*1lb4fok*_up*MQ..&gclid=Cj0KCQjwj4K5BhDYARIsAD1Ly2rGLts9XA6aX1dUCY0wZ0VATTWpJ6MEbWhVdqCXzBL72ygTkqgyDTUaArphEALw_wcB
D97: =E97&""&F97&""&G97&""&H97 -> EinzelfuttermittelKatzeFleisch-, Fisch- und Algenprodukte | E97: Einzelfuttermittel | F97: Katze | G97: Fleisch-, Fisch- und Algenprodukte | L97: Fischmehl | N97: =BG97 -> 66 | P97: =BI97 -> 7.5 | U97: =IF(S97="","",S97/T97) | BA97: 53 | BB97: 1 | BC97: Omega-3 Lachspulver | BD97: REAVET | BE97: Einzelfuttermittel | BF97: 19 | BG97: 66 | BI97: 7.5 | BL97: 100 % Lachspulver | BM97: https://reavet.de/Omega-3-Lachspulver-300g?_gl=1*6pa831*_up*MQ..&gclid=Cj0KCQjwj4K5BhDYARIsAD1Ly2rGLts9XA6aX1dUCY0wZ0VATTWpJ6MEbWhVdqCXzBL72ygTkqgyDTUaArphEALw_wcB
D98: =E98&""&F98&""&G98&""&H98 -> EinzelfuttermittelKatzeGemüse, Obst und Faserstoffe | E98: Einzelfuttermittel | F98: Katze | G98: Gemüse, Obst und Faserstoffe | L98: Rinden | N98: =BG98 -> 0 | P98: =BI98 -> 0 | U98: =IF(S98="","",S98/T98) | BA98: 126.82 | BB98: 10 | BC98: Ulmenrinde Pulver | BD98: REAVET | BE98: Einzelfuttermittel | BF98: 0 | BG98: 0 | BI98: 0 | BK98: 32.9 | BL98: Amerikanische Rotulmenrinde gemahlen | BM98: https://reavet.de/Ulmenrinde-naturrein-220g
D99: =E99&""&F99&""&G99&""&H99 -> EinzelfuttermittelKatzeMineralstoffe | E99: Einzelfuttermittel | F99: Katze | G99: Mineralstoffe | L99: Torf | N99: =BG99 -> 0 | P99: =BI99 -> 0 | U99: =IF(S99="","",S99/T99) | BA99: 278 | BB99: 0.3 | BC99: Magenmild | BD99: REAVET | BE99: Einzelfuttermittel | BG99: 0 | BI99: 0 | BL99: 100% natürliche Mineralerden | BM99: https://reavet.de/Magenmild-50g?_gl=1*1oj8jcd*_up*MQ..&gclid=Cj0KCQjwj4K5BhDYARIsAD1Ly2rGLts9XA6aX1dUCY0wZ0VATTWpJ6MEbWhVdqCXzBL72ygTkqgyDTUaArphEALw_wcB
D100: =E100&""&F100&""&G100&""&H100 -> EinzelfuttermittelKatzeGetreide, Samen, Leguminosen und Kartoffel-Produkte | E100: Einzelfuttermittel | F100: Katze | G100: Getreide, Samen, Leguminosen und Kartoffel-Produkte | L100: Spitzwegerich-Saat | N100: =BG100 -> 2.8 | P100: =BI100 -> 0.3 | U100: =IF(S100="","",S100/T100) | BA100: 25.9 | BB100: 1 | BC100: Flohsamenschalen | BD100: REAVET | BE100: Einzelfuttermittel | BF100: 2.8 | BG100: 2.8 | BI100: 0.3 | BK100: 3.2 | BL100: Flohsamenschalen (100% naturrein) | BM100: https://reavet.de/Flohsamenschalen-versch-Groessen?_gl=1*dmkkby*_up*MQ..&gclid=Cj0KCQjwj4K5BhDYARIsAD1Ly2rGLts9XA6aX1dUCY0wZ0VATTWpJ6MEbWhVdqCXzBL72ygTkqgyDTUaArphEALw_wcB
...
